"experiment_id","experiment_year","harvest_operations_level","crop_id","crop_intended_use","harvest_operations_date","harvest_method","harvest_op_comments"
"LTFE_Duernast",2015,3169,"WHT",NA,"2015-08-25",NA,NA
"LTFE_Duernast",2015,3170,"WHT",NA,"2015-08-25",NA,NA
"LTFE_Duernast",2015,3171,"WHT",NA,"2015-08-25",NA,NA
"LTFE_Duernast",2015,3172,"WHT",NA,"2015-08-25",NA,NA
"LTFE_Duernast",2015,3173,"WHT",NA,"2015-08-25",NA,NA
"LTFE_Duernast",2015,3174,"WHT",NA,"2015-08-25",NA,NA
"LTFE_Duernast",2015,3175,"WHT",NA,"2015-08-25",NA,NA
"LTFE_Duernast",2015,3176,"WHT",NA,"2015-08-25",NA,NA
"LTFE_Duernast",2015,3177,"WHT",NA,"2015-08-25",NA,NA
"LTFE_Duernast",2015,3178,"WHT",NA,"2015-08-25",NA,NA
"LTFE_Duernast",2015,3179,"WHT",NA,"2015-08-25",NA,NA
"LTFE_Duernast",2015,3180,"WHT",NA,"2015-08-25",NA,NA
"LTFE_Duernast",2015,3181,"WHT",NA,"2015-08-25",NA,NA
"LTFE_Duernast",2015,3182,"WHT",NA,"2015-08-25",NA,NA
"LTFE_Duernast",2015,3183,"WHT",NA,"2015-08-25",NA,NA
"LTFE_Duernast",2015,3184,"WHT",NA,"2015-08-25",NA,NA
"LTFE_Duernast",2015,3185,"WHT",NA,"2015-08-25",NA,NA
"LTFE_Duernast",2015,3186,"WHT",NA,"2015-08-25",NA,NA
"LTFE_Duernast",2015,3187,"WHT",NA,"2015-08-25",NA,NA
"LTFE_Duernast",2015,3188,"WHT",NA,"2015-08-25",NA,NA
"LTFE_Duernast",2015,3189,"WHT",NA,"2015-08-25",NA,NA
"LTFE_Duernast",2015,3190,"WHT",NA,"2015-08-25",NA,NA
"LTFE_Duernast",2015,3191,"WHT",NA,"2015-08-25",NA,NA
"LTFE_Duernast",2015,3192,"WHT",NA,"2015-08-25",NA,NA
"LTFE_Duernast",2015,3193,"WHT",NA,"2015-08-25",NA,NA
"LTFE_Duernast",2015,3194,"WHT",NA,"2015-08-25",NA,NA
"LTFE_Duernast",2015,3195,"WHT",NA,"2015-08-25",NA,NA
"LTFE_Duernast",2015,3196,"WHT",NA,"2015-08-25",NA,NA
"LTFE_Duernast",2015,3197,"WHT",NA,"2015-08-25",NA,NA
"LTFE_Duernast",2015,3198,"WHT",NA,"2015-08-25",NA,NA
"LTFE_Duernast",2015,3199,"WHT",NA,"2015-08-25",NA,NA
"LTFE_Duernast",2015,3200,"WHT",NA,"2015-08-25",NA,NA
"LTFE_Duernast",2015,3201,"WHT",NA,"2015-08-25",NA,NA
"LTFE_Duernast",2015,3202,"WHT",NA,"2015-08-25",NA,NA
"LTFE_Duernast",2015,3203,"WHT",NA,"2015-08-25",NA,NA
"LTFE_Duernast",2015,3204,"WHT",NA,"2015-08-25",NA,NA
"LTFE_Duernast",2015,3205,"WHT",NA,"2015-08-25",NA,NA
"LTFE_Duernast",2015,3206,"WHT",NA,"2015-08-25",NA,NA
"LTFE_Duernast",2015,3207,"WHT",NA,"2015-08-25",NA,NA
"LTFE_Duernast",2015,3208,"WHT",NA,"2015-08-25",NA,NA
"LTFE_Duernast",2015,3209,"WHT",NA,"2015-08-25",NA,NA
"LTFE_Duernast",2015,3210,"WHT",NA,"2015-08-25",NA,NA
"LTFE_Duernast",2015,3211,"WHT",NA,"2015-08-25",NA,NA
"LTFE_Duernast",2015,3212,"WHT",NA,"2015-08-25",NA,NA
"LTFE_Duernast",2015,3213,"WHT",NA,"2015-08-25",NA,NA
"LTFE_Duernast",2015,3214,"WHT",NA,"2015-08-25",NA,NA
"LTFE_Duernast",2015,3215,"WHT",NA,"2015-08-25",NA,NA
"LTFE_Duernast",2015,3216,"WHT",NA,"2015-08-25",NA,NA
"LTFE_Duernast",2015,3217,"WHT",NA,"2015-08-25",NA,NA
"LTFE_Duernast",2015,3218,"WHT",NA,"2015-08-25",NA,NA
"LTFE_Duernast",2015,3219,"WHT",NA,"2015-08-25",NA,NA
"LTFE_Duernast",2015,3220,"WHT",NA,"2015-08-25",NA,NA
"LTFE_Duernast",2015,3221,"WHT",NA,"2015-08-25",NA,NA
"LTFE_Duernast",2015,3222,"WHT",NA,"2015-08-25",NA,NA
"LTFE_Duernast",2015,3223,"WHT",NA,"2015-08-25",NA,NA
"LTFE_Duernast",2015,3224,"WHT",NA,"2015-08-25",NA,NA
"LTFE_Duernast",2015,3225,"WHT",NA,"2015-08-25",NA,NA
"LTFE_Duernast",2015,3226,"WHT",NA,"2015-08-25",NA,NA
"LTFE_Duernast",2015,3227,"WHT",NA,"2015-08-25",NA,NA
"LTFE_Duernast",2015,3228,"WHT",NA,"2015-08-25",NA,NA
"LTFE_Duernast",2015,3229,"WHT",NA,"2015-08-25",NA,NA
"LTFE_Duernast",2015,3230,"WHT",NA,"2015-08-25",NA,NA
"LTFE_Duernast",2015,3231,"WHT",NA,"2015-08-25",NA,NA
"LTFE_Duernast",2015,3232,"WHT",NA,"2015-08-25",NA,NA
"LTFE_Duernast",2016,3233,"MAZ",NA,"2016-10-12",NA,NA
"LTFE_Duernast",2016,3234,"MAZ",NA,"2016-10-12",NA,NA
"LTFE_Duernast",2016,3235,"MAZ",NA,"2016-10-12",NA,NA
"LTFE_Duernast",2016,3236,"MAZ",NA,"2016-10-12",NA,NA
"LTFE_Duernast",2016,3237,"MAZ",NA,"2016-10-12",NA,NA
"LTFE_Duernast",2016,3238,"MAZ",NA,"2016-10-12",NA,NA
"LTFE_Duernast",2016,3239,"MAZ",NA,"2016-10-12",NA,NA
"LTFE_Duernast",2016,3240,"MAZ",NA,"2016-10-12",NA,NA
"LTFE_Duernast",2016,3241,"MAZ",NA,"2016-10-12",NA,NA
"LTFE_Duernast",2016,3242,"MAZ",NA,"2016-10-12",NA,NA
"LTFE_Duernast",2016,3243,"MAZ",NA,"2016-10-12",NA,NA
"LTFE_Duernast",2016,3244,"MAZ",NA,"2016-10-12",NA,NA
"LTFE_Duernast",2016,3245,"MAZ",NA,"2016-10-12",NA,NA
"LTFE_Duernast",2016,3246,"MAZ",NA,"2016-10-12",NA,NA
"LTFE_Duernast",2016,3247,"MAZ",NA,"2016-10-12",NA,NA
"LTFE_Duernast",2016,3248,"MAZ",NA,"2016-10-12",NA,NA
"LTFE_Duernast",2016,3249,"MAZ",NA,"2016-10-12",NA,NA
"LTFE_Duernast",2016,3250,"MAZ",NA,"2016-10-12",NA,NA
"LTFE_Duernast",2016,3251,"MAZ",NA,"2016-10-12",NA,NA
"LTFE_Duernast",2016,3252,"MAZ",NA,"2016-10-12",NA,NA
"LTFE_Duernast",2016,3253,"MAZ",NA,"2016-10-12",NA,NA
"LTFE_Duernast",2016,3254,"MAZ",NA,"2016-10-12",NA,NA
"LTFE_Duernast",2016,3255,"MAZ",NA,"2016-10-12",NA,NA
"LTFE_Duernast",2016,3256,"MAZ",NA,"2016-10-12",NA,NA
"LTFE_Duernast",2016,3257,"MAZ",NA,"2016-10-12",NA,NA
"LTFE_Duernast",2016,3258,"MAZ",NA,"2016-10-12",NA,NA
"LTFE_Duernast",2016,3259,"MAZ",NA,"2016-10-12",NA,NA
"LTFE_Duernast",2016,3260,"MAZ",NA,"2016-10-12",NA,NA
"LTFE_Duernast",2016,3261,"MAZ",NA,"2016-10-12",NA,NA
"LTFE_Duernast",2016,3262,"MAZ",NA,"2016-10-12",NA,NA
"LTFE_Duernast",2016,3263,"MAZ",NA,"2016-10-12",NA,NA
"LTFE_Duernast",2016,3264,"MAZ",NA,"2016-10-12",NA,NA
"LTFE_Duernast",2016,3265,"MAZ",NA,"2016-10-12",NA,NA
"LTFE_Duernast",2016,3266,"MAZ",NA,"2016-10-12",NA,NA
"LTFE_Duernast",2016,3267,"MAZ",NA,"2016-10-12",NA,NA
"LTFE_Duernast",2016,3268,"MAZ",NA,"2016-10-12",NA,NA
"LTFE_Duernast",2016,3269,"MAZ",NA,"2016-10-12",NA,NA
"LTFE_Duernast",2016,3270,"MAZ",NA,"2016-10-12",NA,NA
"LTFE_Duernast",2016,3271,"MAZ",NA,"2016-10-12",NA,NA
"LTFE_Duernast",2016,3272,"MAZ",NA,"2016-10-12",NA,NA
"LTFE_Duernast",2016,3273,"MAZ",NA,"2016-10-12",NA,NA
"LTFE_Duernast",2016,3274,"MAZ",NA,"2016-10-12",NA,NA
"LTFE_Duernast",2016,3275,"MAZ",NA,"2016-10-12",NA,NA
"LTFE_Duernast",2016,3276,"MAZ",NA,"2016-10-12",NA,NA
"LTFE_Duernast",2016,3277,"MAZ",NA,"2016-10-12",NA,NA
"LTFE_Duernast",2016,3278,"MAZ",NA,"2016-10-12",NA,NA
"LTFE_Duernast",2016,3279,"MAZ",NA,"2016-10-12",NA,NA
"LTFE_Duernast",2016,3280,"MAZ",NA,"2016-10-12",NA,NA
"LTFE_Duernast",2016,3281,"MAZ",NA,"2016-10-12",NA,NA
"LTFE_Duernast",2016,3282,"MAZ",NA,"2016-10-12",NA,NA
"LTFE_Duernast",2016,3283,"MAZ",NA,"2016-10-12",NA,NA
"LTFE_Duernast",2016,3284,"MAZ",NA,"2016-10-12",NA,NA
"LTFE_Duernast",2016,3285,"MAZ",NA,"2016-10-12",NA,NA
"LTFE_Duernast",2016,3286,"MAZ",NA,"2016-10-12",NA,NA
"LTFE_Duernast",2016,3287,"MAZ",NA,"2016-10-12",NA,NA
"LTFE_Duernast",2016,3288,"MAZ",NA,"2016-10-12",NA,NA
"LTFE_Duernast",2016,3289,"MAZ",NA,"2016-10-12",NA,NA
"LTFE_Duernast",2016,3290,"MAZ",NA,"2016-10-12",NA,NA
"LTFE_Duernast",2016,3291,"MAZ",NA,"2016-10-12",NA,NA
"LTFE_Duernast",2016,3292,"MAZ",NA,"2016-10-12",NA,NA
"LTFE_Duernast",2016,3293,"MAZ",NA,"2016-10-12",NA,NA
"LTFE_Duernast",2016,3294,"MAZ",NA,"2016-10-12",NA,NA
"LTFE_Duernast",2016,3295,"MAZ",NA,"2016-10-12",NA,NA
"LTFE_Duernast",2016,3296,"MAZ",NA,"2016-10-12",NA,NA
"LTFE_Duernast",2017,3297,"WHT",NA,"2017-08-07",NA,NA
"LTFE_Duernast",2017,3298,"WHT",NA,"2017-08-07",NA,NA
"LTFE_Duernast",2017,3299,"WHT",NA,"2017-08-07",NA,NA
"LTFE_Duernast",2017,3300,"WHT",NA,"2017-08-07",NA,NA
"LTFE_Duernast",2017,3301,"WHT",NA,"2017-08-07",NA,NA
"LTFE_Duernast",2017,3302,"WHT",NA,"2017-08-07",NA,NA
"LTFE_Duernast",2017,3303,"WHT",NA,"2017-08-07",NA,NA
"LTFE_Duernast",2017,3304,"WHT",NA,"2017-08-07",NA,NA
"LTFE_Duernast",2017,3305,"WHT",NA,"2017-08-07",NA,NA
"LTFE_Duernast",2017,3306,"WHT",NA,"2017-08-07",NA,NA
"LTFE_Duernast",2017,3307,"WHT",NA,"2017-08-07",NA,NA
"LTFE_Duernast",2017,3308,"WHT",NA,"2017-08-07",NA,NA
"LTFE_Duernast",2017,3309,"WHT",NA,"2017-08-07",NA,NA
"LTFE_Duernast",2017,3310,"WHT",NA,"2017-08-07",NA,NA
"LTFE_Duernast",2017,3311,"WHT",NA,"2017-08-07",NA,NA
"LTFE_Duernast",2017,3312,"WHT",NA,"2017-08-07",NA,NA
"LTFE_Duernast",2017,3313,"WHT",NA,"2017-08-07",NA,NA
"LTFE_Duernast",2017,3314,"WHT",NA,"2017-08-07",NA,NA
"LTFE_Duernast",2017,3315,"WHT",NA,"2017-08-07",NA,NA
"LTFE_Duernast",2017,3316,"WHT",NA,"2017-08-07",NA,NA
"LTFE_Duernast",2017,3317,"WHT",NA,"2017-08-07",NA,NA
"LTFE_Duernast",2017,3318,"WHT",NA,"2017-08-07",NA,NA
"LTFE_Duernast",2017,3319,"WHT",NA,"2017-08-07",NA,NA
"LTFE_Duernast",2017,3320,"WHT",NA,"2017-08-07",NA,NA
"LTFE_Duernast",2017,3321,"WHT",NA,"2017-08-07",NA,NA
"LTFE_Duernast",2017,3322,"WHT",NA,"2017-08-07",NA,NA
"LTFE_Duernast",2017,3323,"WHT",NA,"2017-08-07",NA,NA
"LTFE_Duernast",2017,3324,"WHT",NA,"2017-08-07",NA,NA
"LTFE_Duernast",2017,3325,"WHT",NA,"2017-08-07",NA,NA
"LTFE_Duernast",2017,3326,"WHT",NA,"2017-08-07",NA,NA
"LTFE_Duernast",2017,3327,"WHT",NA,"2017-08-07",NA,NA
"LTFE_Duernast",2017,3328,"WHT",NA,"2017-08-07",NA,NA
"LTFE_Duernast",2017,3329,"WHT",NA,"2017-08-07",NA,NA
"LTFE_Duernast",2017,3330,"WHT",NA,"2017-08-07",NA,NA
"LTFE_Duernast",2017,3331,"WHT",NA,"2017-08-07",NA,NA
"LTFE_Duernast",2017,3332,"WHT",NA,"2017-08-07",NA,NA
"LTFE_Duernast",2017,3333,"WHT",NA,"2017-08-07",NA,NA
"LTFE_Duernast",2017,3334,"WHT",NA,"2017-08-07",NA,NA
"LTFE_Duernast",2017,3335,"WHT",NA,"2017-08-07",NA,NA
"LTFE_Duernast",2017,3336,"WHT",NA,"2017-08-07",NA,NA
"LTFE_Duernast",2017,3337,"WHT",NA,"2017-08-07",NA,NA
"LTFE_Duernast",2017,3338,"WHT",NA,"2017-08-07",NA,NA
"LTFE_Duernast",2017,3339,"WHT",NA,"2017-08-07",NA,NA
"LTFE_Duernast",2017,3340,"WHT",NA,"2017-08-07",NA,NA
"LTFE_Duernast",2017,3341,"WHT",NA,"2017-08-07",NA,NA
"LTFE_Duernast",2017,3342,"WHT",NA,"2017-08-07",NA,NA
"LTFE_Duernast",2017,3343,"WHT",NA,"2017-08-07",NA,NA
"LTFE_Duernast",2017,3344,"WHT",NA,"2017-08-07",NA,NA
"LTFE_Duernast",2017,3345,"WHT",NA,"2017-08-07",NA,NA
"LTFE_Duernast",2017,3346,"WHT",NA,"2017-08-07",NA,NA
"LTFE_Duernast",2017,3347,"WHT",NA,"2017-08-07",NA,NA
"LTFE_Duernast",2017,3348,"WHT",NA,"2017-08-07",NA,NA
"LTFE_Duernast",2017,3349,"WHT",NA,"2017-08-07",NA,NA
"LTFE_Duernast",2017,3350,"WHT",NA,"2017-08-07",NA,NA
"LTFE_Duernast",2017,3351,"WHT",NA,"2017-08-07",NA,NA
"LTFE_Duernast",2017,3352,"WHT",NA,"2017-08-07",NA,NA
"LTFE_Duernast",2017,3353,"WHT",NA,"2017-08-07",NA,NA
"LTFE_Duernast",2017,3354,"WHT",NA,"2017-08-07",NA,NA
"LTFE_Duernast",2017,3355,"WHT",NA,"2017-08-07",NA,NA
"LTFE_Duernast",2017,3356,"WHT",NA,"2017-08-07",NA,NA
"LTFE_Duernast",2017,3357,"WHT",NA,"2017-08-07",NA,NA
"LTFE_Duernast",2017,3358,"WHT",NA,"2017-08-07",NA,NA
"LTFE_Duernast",2017,3359,"WHT",NA,"2017-08-07",NA,NA
"LTFE_Duernast",2017,3360,"WHT",NA,"2017-08-07",NA,NA
"LTFE_Duernast",2018,3361,"MAZ",NA,"2018-09-26",NA,NA
"LTFE_Duernast",2018,3362,"MAZ",NA,"2018-09-26",NA,NA
"LTFE_Duernast",2018,3363,"MAZ",NA,"2018-09-26",NA,NA
"LTFE_Duernast",2018,3364,"MAZ",NA,"2018-09-26",NA,NA
"LTFE_Duernast",2018,3365,"MAZ",NA,"2018-09-26",NA,NA
"LTFE_Duernast",2018,3366,"MAZ",NA,"2018-09-26",NA,NA
"LTFE_Duernast",2018,3367,"MAZ",NA,"2018-09-26",NA,NA
"LTFE_Duernast",2018,3368,"MAZ",NA,"2018-09-26",NA,NA
"LTFE_Duernast",2018,3369,"MAZ",NA,"2018-09-26",NA,NA
"LTFE_Duernast",2018,3370,"MAZ",NA,"2018-09-26",NA,NA
"LTFE_Duernast",2018,3371,"MAZ",NA,"2018-09-26",NA,NA
"LTFE_Duernast",2018,3372,"MAZ",NA,"2018-09-26",NA,NA
"LTFE_Duernast",2018,3373,"MAZ",NA,"2018-09-26",NA,NA
"LTFE_Duernast",2018,3374,"MAZ",NA,"2018-09-26",NA,NA
"LTFE_Duernast",2018,3375,"MAZ",NA,"2018-09-26",NA,NA
"LTFE_Duernast",2018,3376,"MAZ",NA,"2018-09-26",NA,NA
"LTFE_Duernast",2018,3377,"MAZ",NA,"2018-09-26",NA,NA
"LTFE_Duernast",2018,3378,"MAZ",NA,"2018-09-26",NA,NA
"LTFE_Duernast",2018,3379,"MAZ",NA,"2018-09-26",NA,NA
"LTFE_Duernast",2018,3380,"MAZ",NA,"2018-09-26",NA,NA
"LTFE_Duernast",2018,3381,"MAZ",NA,"2018-09-26",NA,NA
"LTFE_Duernast",2018,3382,"MAZ",NA,"2018-09-26",NA,NA
"LTFE_Duernast",2018,3383,"MAZ",NA,"2018-09-26",NA,NA
"LTFE_Duernast",2018,3384,"MAZ",NA,"2018-09-26",NA,NA
"LTFE_Duernast",2018,3385,"MAZ",NA,"2018-09-26",NA,NA
"LTFE_Duernast",2018,3386,"MAZ",NA,"2018-09-26",NA,NA
"LTFE_Duernast",2018,3387,"MAZ",NA,"2018-09-26",NA,NA
"LTFE_Duernast",2018,3388,"MAZ",NA,"2018-09-26",NA,NA
"LTFE_Duernast",2018,3389,"MAZ",NA,"2018-09-26",NA,NA
"LTFE_Duernast",2018,3390,"MAZ",NA,"2018-09-26",NA,NA
"LTFE_Duernast",2018,3391,"MAZ",NA,"2018-09-26",NA,NA
"LTFE_Duernast",2018,3392,"MAZ",NA,"2018-09-26",NA,NA
"LTFE_Duernast",2018,3393,"MAZ",NA,"2018-09-26",NA,NA
"LTFE_Duernast",2018,3394,"MAZ",NA,"2018-09-26",NA,NA
"LTFE_Duernast",2018,3395,"MAZ",NA,"2018-09-26",NA,NA
"LTFE_Duernast",2018,3396,"MAZ",NA,"2018-09-26",NA,NA
"LTFE_Duernast",2018,3397,"MAZ",NA,"2018-09-26",NA,NA
"LTFE_Duernast",2018,3398,"MAZ",NA,"2018-09-26",NA,NA
"LTFE_Duernast",2018,3399,"MAZ",NA,"2018-09-26",NA,NA
"LTFE_Duernast",2018,3400,"MAZ",NA,"2018-09-26",NA,NA
"LTFE_Duernast",2018,3401,"MAZ",NA,"2018-09-26",NA,NA
"LTFE_Duernast",2018,3402,"MAZ",NA,"2018-09-26",NA,NA
"LTFE_Duernast",2018,3403,"MAZ",NA,"2018-09-26",NA,NA
"LTFE_Duernast",2018,3404,"MAZ",NA,"2018-09-26",NA,NA
"LTFE_Duernast",2018,3405,"MAZ",NA,"2018-09-26",NA,NA
"LTFE_Duernast",2018,3406,"MAZ",NA,"2018-09-26",NA,NA
"LTFE_Duernast",2018,3407,"MAZ",NA,"2018-09-26",NA,NA
"LTFE_Duernast",2018,3408,"MAZ",NA,"2018-09-26",NA,NA
"LTFE_Duernast",2018,3409,"MAZ",NA,"2018-09-26",NA,NA
"LTFE_Duernast",2018,3410,"MAZ",NA,"2018-09-26",NA,NA
"LTFE_Duernast",2018,3411,"MAZ",NA,"2018-09-26",NA,NA
"LTFE_Duernast",2018,3412,"MAZ",NA,"2018-09-26",NA,NA
"LTFE_Duernast",2018,3413,"MAZ",NA,"2018-09-26",NA,NA
"LTFE_Duernast",2018,3414,"MAZ",NA,"2018-09-26",NA,NA
"LTFE_Duernast",2018,3415,"MAZ",NA,"2018-09-26",NA,NA
"LTFE_Duernast",2018,3416,"MAZ",NA,"2018-09-26",NA,NA
"LTFE_Duernast",2018,3417,"MAZ",NA,"2018-09-26",NA,NA
"LTFE_Duernast",2018,3418,"MAZ",NA,"2018-09-26",NA,NA
"LTFE_Duernast",2018,3419,"MAZ",NA,"2018-09-26",NA,NA
"LTFE_Duernast",2018,3420,"MAZ",NA,"2018-09-26",NA,NA
"LTFE_Duernast",2018,3421,"MAZ",NA,"2018-09-26",NA,NA
"LTFE_Duernast",2018,3422,"MAZ",NA,"2018-09-26",NA,NA
"LTFE_Duernast",2018,3423,"MAZ",NA,"2018-09-26",NA,NA
"LTFE_Duernast",2018,3424,"MAZ",NA,"2018-09-26",NA,NA
"LTFE_Duernast",2019,3425,"WHT",NA,"2019-08-05",NA,NA
"LTFE_Duernast",2019,3426,"WHT",NA,"2019-08-05",NA,NA
"LTFE_Duernast",2019,3427,"WHT",NA,"2019-08-05",NA,NA
"LTFE_Duernast",2019,3428,"WHT",NA,"2019-08-05",NA,NA
"LTFE_Duernast",2019,3429,"WHT",NA,"2019-08-05",NA,NA
"LTFE_Duernast",2019,3430,"WHT",NA,"2019-08-05",NA,NA
"LTFE_Duernast",2019,3431,"WHT",NA,"2019-08-05",NA,NA
"LTFE_Duernast",2019,3432,"WHT",NA,"2019-08-05",NA,NA
"LTFE_Duernast",2019,3433,"WHT",NA,"2019-08-05",NA,NA
"LTFE_Duernast",2019,3434,"WHT",NA,"2019-08-05",NA,NA
"LTFE_Duernast",2019,3435,"WHT",NA,"2019-08-05",NA,NA
"LTFE_Duernast",2019,3436,"WHT",NA,"2019-08-05",NA,NA
"LTFE_Duernast",2019,3437,"WHT",NA,"2019-08-05",NA,NA
"LTFE_Duernast",2019,3438,"WHT",NA,"2019-08-05",NA,NA
"LTFE_Duernast",2019,3439,"WHT",NA,"2019-08-05",NA,NA
"LTFE_Duernast",2019,3440,"WHT",NA,"2019-08-05",NA,NA
"LTFE_Duernast",2019,3441,"WHT",NA,"2019-08-05",NA,NA
"LTFE_Duernast",2019,3442,"WHT",NA,"2019-08-05",NA,NA
"LTFE_Duernast",2019,3443,"WHT",NA,"2019-08-05",NA,NA
"LTFE_Duernast",2019,3444,"WHT",NA,"2019-08-05",NA,NA
"LTFE_Duernast",2019,3445,"WHT",NA,"2019-08-05",NA,NA
"LTFE_Duernast",2019,3446,"WHT",NA,"2019-08-05",NA,NA
"LTFE_Duernast",2019,3447,"WHT",NA,"2019-08-05",NA,NA
"LTFE_Duernast",2019,3448,"WHT",NA,"2019-08-05",NA,NA
"LTFE_Duernast",2019,3449,"WHT",NA,"2019-08-05",NA,NA
"LTFE_Duernast",2019,3450,"WHT",NA,"2019-08-05",NA,NA
"LTFE_Duernast",2019,3451,"WHT",NA,"2019-08-05",NA,NA
"LTFE_Duernast",2019,3452,"WHT",NA,"2019-08-05",NA,NA
"LTFE_Duernast",2019,3453,"WHT",NA,"2019-08-05",NA,NA
"LTFE_Duernast",2019,3454,"WHT",NA,"2019-08-05",NA,NA
"LTFE_Duernast",2019,3455,"WHT",NA,"2019-08-05",NA,NA
"LTFE_Duernast",2019,3456,"WHT",NA,"2019-08-05",NA,NA
"LTFE_Duernast",2019,3457,"WHT",NA,"2019-08-05",NA,NA
"LTFE_Duernast",2019,3458,"WHT",NA,"2019-08-05",NA,NA
"LTFE_Duernast",2019,3459,"WHT",NA,"2019-08-05",NA,NA
"LTFE_Duernast",2019,3460,"WHT",NA,"2019-08-05",NA,NA
"LTFE_Duernast",2019,3461,"WHT",NA,"2019-08-05",NA,NA
"LTFE_Duernast",2019,3462,"WHT",NA,"2019-08-05",NA,NA
"LTFE_Duernast",2019,3463,"WHT",NA,"2019-08-05",NA,NA
"LTFE_Duernast",2019,3464,"WHT",NA,"2019-08-05",NA,NA
"LTFE_Duernast",2019,3465,"WHT",NA,"2019-08-05",NA,NA
"LTFE_Duernast",2019,3466,"WHT",NA,"2019-08-05",NA,NA
"LTFE_Duernast",2019,3467,"WHT",NA,"2019-08-05",NA,NA
"LTFE_Duernast",2019,3468,"WHT",NA,"2019-08-05",NA,NA
"LTFE_Duernast",2019,3469,"WHT",NA,"2019-08-05",NA,NA
"LTFE_Duernast",2019,3470,"WHT",NA,"2019-08-05",NA,NA
"LTFE_Duernast",2019,3471,"WHT",NA,"2019-08-05",NA,NA
"LTFE_Duernast",2019,3472,"WHT",NA,"2019-08-05",NA,NA
"LTFE_Duernast",2019,3473,"WHT",NA,"2019-08-05",NA,NA
"LTFE_Duernast",2019,3474,"WHT",NA,"2019-08-05",NA,NA
"LTFE_Duernast",2019,3475,"WHT",NA,"2019-08-05",NA,NA
"LTFE_Duernast",2019,3476,"WHT",NA,"2019-08-05",NA,NA
"LTFE_Duernast",2019,3477,"WHT",NA,"2019-08-05",NA,NA
"LTFE_Duernast",2019,3478,"WHT",NA,"2019-08-05",NA,NA
"LTFE_Duernast",2019,3479,"WHT",NA,"2019-08-05",NA,NA
"LTFE_Duernast",2019,3480,"WHT",NA,"2019-08-05",NA,NA
"LTFE_Duernast",2019,3481,"WHT",NA,"2019-08-05",NA,NA
"LTFE_Duernast",2019,3482,"WHT",NA,"2019-08-05",NA,NA
"LTFE_Duernast",2019,3483,"WHT",NA,"2019-08-05",NA,NA
"LTFE_Duernast",2019,3484,"WHT",NA,"2019-08-05",NA,NA
"LTFE_Duernast",2019,3485,"WHT",NA,"2019-08-05",NA,NA
"LTFE_Duernast",2019,3486,"WHT",NA,"2019-08-05",NA,NA
"LTFE_Duernast",2019,3487,"WHT",NA,"2019-08-05",NA,NA
"LTFE_Duernast",2019,3488,"WHT",NA,"2019-08-05",NA,NA
"LTFE_Duernast",2020,3489,"WHT",NA,"2020-08-26",NA,NA
"LTFE_Duernast",2020,3490,"WHT",NA,"2020-08-26",NA,NA
"LTFE_Duernast",2020,3491,"WHT",NA,"2020-08-26",NA,NA
"LTFE_Duernast",2020,3492,"WHT",NA,"2020-08-26",NA,NA
"LTFE_Duernast",2020,3493,"WHT",NA,"2020-08-26",NA,NA
"LTFE_Duernast",2020,3494,"WHT",NA,"2020-08-26",NA,NA
"LTFE_Duernast",2020,3495,"WHT",NA,"2020-08-26",NA,NA
"LTFE_Duernast",2020,3496,"WHT",NA,"2020-08-26",NA,NA
"LTFE_Duernast",2020,3497,"WHT",NA,"2020-08-26",NA,NA
"LTFE_Duernast",2020,3498,"WHT",NA,"2020-08-26",NA,NA
"LTFE_Duernast",2020,3499,"WHT",NA,"2020-08-26",NA,NA
"LTFE_Duernast",2020,3500,"WHT",NA,"2020-08-26",NA,NA
"LTFE_Duernast",2020,3501,"WHT",NA,"2020-08-26",NA,NA
"LTFE_Duernast",2020,3502,"WHT",NA,"2020-08-26",NA,NA
"LTFE_Duernast",2020,3503,"WHT",NA,"2020-08-26",NA,NA
"LTFE_Duernast",2020,3504,"WHT",NA,"2020-08-26",NA,NA
"LTFE_Duernast",2020,3505,"WHT",NA,"2020-08-26",NA,NA
"LTFE_Duernast",2020,3506,"WHT",NA,"2020-08-26",NA,NA
"LTFE_Duernast",2020,3507,"WHT",NA,"2020-08-26",NA,NA
"LTFE_Duernast",2020,3508,"WHT",NA,"2020-08-26",NA,NA
"LTFE_Duernast",2020,3509,"WHT",NA,"2020-08-26",NA,NA
"LTFE_Duernast",2020,3510,"WHT",NA,"2020-08-26",NA,NA
"LTFE_Duernast",2020,3511,"WHT",NA,"2020-08-26",NA,NA
"LTFE_Duernast",2020,3512,"WHT",NA,"2020-08-26",NA,NA
"LTFE_Duernast",2020,3513,"WHT",NA,"2020-08-26",NA,NA
"LTFE_Duernast",2020,3514,"WHT",NA,"2020-08-26",NA,NA
"LTFE_Duernast",2020,3515,"WHT",NA,"2020-08-26",NA,NA
"LTFE_Duernast",2020,3516,"WHT",NA,"2020-08-26",NA,NA
"LTFE_Duernast",2020,3517,"WHT",NA,"2020-08-26",NA,NA
"LTFE_Duernast",2020,3518,"WHT",NA,"2020-08-26",NA,NA
"LTFE_Duernast",2020,3519,"WHT",NA,"2020-08-26",NA,NA
"LTFE_Duernast",2020,3520,"WHT",NA,"2020-08-26",NA,NA
"LTFE_Duernast",2020,3521,"WHT",NA,"2020-08-26",NA,NA
"LTFE_Duernast",2020,3522,"WHT",NA,"2020-08-26",NA,NA
"LTFE_Duernast",2020,3523,"WHT",NA,"2020-08-26",NA,NA
"LTFE_Duernast",2020,3524,"WHT",NA,"2020-08-26",NA,NA
"LTFE_Duernast",2020,3525,"WHT",NA,"2020-08-26",NA,NA
"LTFE_Duernast",2020,3526,"WHT",NA,"2020-08-26",NA,NA
"LTFE_Duernast",2020,3527,"WHT",NA,"2020-08-26",NA,NA
"LTFE_Duernast",2020,3528,"WHT",NA,"2020-08-26",NA,NA
"LTFE_Duernast",2020,3529,"WHT",NA,"2020-08-26",NA,NA
"LTFE_Duernast",2020,3530,"WHT",NA,"2020-08-26",NA,NA
"LTFE_Duernast",2020,3531,"WHT",NA,"2020-08-26",NA,NA
"LTFE_Duernast",2020,3532,"WHT",NA,"2020-08-26",NA,NA
"LTFE_Duernast",2020,3533,"WHT",NA,"2020-08-26",NA,NA
"LTFE_Duernast",2020,3534,"WHT",NA,"2020-08-26",NA,NA
"LTFE_Duernast",2020,3535,"WHT",NA,"2020-08-26",NA,NA
"LTFE_Duernast",2020,3536,"WHT",NA,"2020-08-26",NA,NA
"LTFE_Duernast",2020,3537,"WHT",NA,"2020-08-26",NA,NA
"LTFE_Duernast",2020,3538,"WHT",NA,"2020-08-26",NA,NA
"LTFE_Duernast",2020,3539,"WHT",NA,"2020-08-26",NA,NA
"LTFE_Duernast",2020,3540,"WHT",NA,"2020-08-26",NA,NA
"LTFE_Duernast",2020,3541,"WHT",NA,"2020-08-26",NA,NA
"LTFE_Duernast",2020,3542,"WHT",NA,"2020-08-26",NA,NA
"LTFE_Duernast",2020,3543,"WHT",NA,"2020-08-26",NA,NA
"LTFE_Duernast",2020,3544,"WHT",NA,"2020-08-26",NA,NA
"LTFE_Duernast",2020,3545,"WHT",NA,"2020-08-26",NA,NA
"LTFE_Duernast",2020,3546,"WHT",NA,"2020-08-26",NA,NA
"LTFE_Duernast",2020,3547,"WHT",NA,"2020-08-26",NA,NA
"LTFE_Duernast",2020,3548,"WHT",NA,"2020-08-26",NA,NA
"LTFE_Duernast",2020,3549,"WHT",NA,"2020-08-26",NA,NA
"LTFE_Duernast",2020,3550,"WHT",NA,"2020-08-26",NA,NA
"LTFE_Duernast",2020,3551,"WHT",NA,"2020-08-26",NA,NA
"LTFE_Duernast",2020,3552,"WHT",NA,"2020-08-26",NA,NA
"LTFE_Duernast",2021,3553,"BAR",NA,"2021-07-13",NA,NA
"LTFE_Duernast",2021,3554,"BAR",NA,"2021-07-13",NA,NA
"LTFE_Duernast",2021,3555,"BAR",NA,"2021-07-13",NA,NA
"LTFE_Duernast",2021,3556,"BAR",NA,"2021-07-13",NA,NA
"LTFE_Duernast",2021,3557,"BAR",NA,"2021-07-13",NA,NA
"LTFE_Duernast",2021,3558,"BAR",NA,"2021-07-13",NA,NA
"LTFE_Duernast",2021,3559,"BAR",NA,"2021-07-13",NA,NA
"LTFE_Duernast",2021,3560,"BAR",NA,"2021-07-13",NA,NA
"LTFE_Duernast",2021,3561,"BAR",NA,"2021-07-13",NA,NA
"LTFE_Duernast",2021,3562,"BAR",NA,"2021-07-13",NA,NA
"LTFE_Duernast",2021,3563,"BAR",NA,"2021-07-13",NA,NA
"LTFE_Duernast",2021,3564,"BAR",NA,"2021-07-13",NA,NA
"LTFE_Duernast",2021,3565,"BAR",NA,"2021-07-13",NA,NA
"LTFE_Duernast",2021,3566,"BAR",NA,"2021-07-13",NA,NA
"LTFE_Duernast",2021,3567,"BAR",NA,"2021-07-13",NA,NA
"LTFE_Duernast",2021,3568,"BAR",NA,"2021-07-13",NA,NA
"LTFE_Duernast",2021,3569,"BAR",NA,"2021-07-13",NA,NA
"LTFE_Duernast",2021,3570,"BAR",NA,"2021-07-13",NA,NA
"LTFE_Duernast",2021,3571,"BAR",NA,"2021-07-13",NA,NA
"LTFE_Duernast",2021,3572,"BAR",NA,"2021-07-13",NA,NA
"LTFE_Duernast",2021,3573,"BAR",NA,"2021-07-13",NA,NA
"LTFE_Duernast",2021,3574,"BAR",NA,"2021-07-13",NA,NA
"LTFE_Duernast",2021,3575,"BAR",NA,"2021-07-13",NA,NA
"LTFE_Duernast",2021,3576,"BAR",NA,"2021-07-13",NA,NA
"LTFE_Duernast",2021,3577,"BAR",NA,"2021-07-13",NA,NA
"LTFE_Duernast",2021,3578,"BAR",NA,"2021-07-13",NA,NA
"LTFE_Duernast",2021,3579,"BAR",NA,"2021-07-13",NA,NA
"LTFE_Duernast",2021,3580,"BAR",NA,"2021-07-13",NA,NA
"LTFE_Duernast",2021,3581,"BAR",NA,"2021-07-13",NA,NA
"LTFE_Duernast",2021,3582,"BAR",NA,"2021-07-13",NA,NA
"LTFE_Duernast",2021,3583,"BAR",NA,"2021-07-13",NA,NA
"LTFE_Duernast",2021,3584,"BAR",NA,"2021-07-13",NA,NA
"LTFE_Duernast",2021,3585,"BAR",NA,"2021-07-13",NA,NA
"LTFE_Duernast",2021,3586,"BAR",NA,"2021-07-13",NA,NA
"LTFE_Duernast",2021,3587,"BAR",NA,"2021-07-13",NA,NA
"LTFE_Duernast",2021,3588,"BAR",NA,"2021-07-13",NA,NA
"LTFE_Duernast",2021,3589,"BAR",NA,"2021-07-13",NA,NA
"LTFE_Duernast",2021,3590,"BAR",NA,"2021-07-13",NA,NA
"LTFE_Duernast",2021,3591,"BAR",NA,"2021-07-13",NA,NA
"LTFE_Duernast",2021,3592,"BAR",NA,"2021-07-13",NA,NA
"LTFE_Duernast",2021,3593,"BAR",NA,"2021-07-13",NA,NA
"LTFE_Duernast",2021,3594,"BAR",NA,"2021-07-13",NA,NA
"LTFE_Duernast",2021,3595,"BAR",NA,"2021-07-13",NA,NA
"LTFE_Duernast",2021,3596,"BAR",NA,"2021-07-13",NA,NA
"LTFE_Duernast",2021,3597,"BAR",NA,"2021-07-13",NA,NA
"LTFE_Duernast",2021,3598,"BAR",NA,"2021-07-13",NA,NA
"LTFE_Duernast",2021,3599,"BAR",NA,"2021-07-13",NA,NA
"LTFE_Duernast",2021,3600,"BAR",NA,"2021-07-13",NA,NA
"LTFE_Duernast",2021,3601,"BAR",NA,"2021-07-13",NA,NA
"LTFE_Duernast",2021,3602,"BAR",NA,"2021-07-13",NA,NA
"LTFE_Duernast",2021,3603,"BAR",NA,"2021-07-13",NA,NA
"LTFE_Duernast",2021,3604,"BAR",NA,"2021-07-13",NA,NA
"LTFE_Duernast",2021,3605,"BAR",NA,"2021-07-13",NA,NA
"LTFE_Duernast",2021,3606,"BAR",NA,"2021-07-13",NA,NA
"LTFE_Duernast",2021,3607,"BAR",NA,"2021-07-13",NA,NA
"LTFE_Duernast",2021,3608,"BAR",NA,"2021-07-13",NA,NA
"LTFE_Duernast",2021,3609,"BAR",NA,"2021-07-13",NA,NA
"LTFE_Duernast",2021,3610,"BAR",NA,"2021-07-13",NA,NA
"LTFE_Duernast",2021,3611,"BAR",NA,"2021-07-13",NA,NA
"LTFE_Duernast",2021,3612,"BAR",NA,"2021-07-13",NA,NA
"LTFE_Duernast",2021,3613,"BAR",NA,"2021-07-13",NA,NA
"LTFE_Duernast",2021,3614,"BAR",NA,"2021-07-13",NA,NA
"LTFE_Duernast",2021,3615,"BAR",NA,"2021-07-13",NA,NA
"LTFE_Duernast",2021,3616,"BAR",NA,"2021-07-13",NA,NA
"LTFE_Duernast",2022,3617,"MAZ",NA,"2022-10-12",NA,NA
"LTFE_Duernast",2022,3618,"MAZ",NA,"2022-10-12",NA,NA
"LTFE_Duernast",2022,3619,"MAZ",NA,"2022-10-12",NA,NA
"LTFE_Duernast",2022,3620,"MAZ",NA,"2022-10-12",NA,NA
"LTFE_Duernast",2022,3621,"MAZ",NA,"2022-10-12",NA,NA
"LTFE_Duernast",2022,3622,"MAZ",NA,"2022-10-12",NA,NA
"LTFE_Duernast",2022,3623,"MAZ",NA,"2022-10-12",NA,NA
"LTFE_Duernast",2022,3624,"MAZ",NA,"2022-10-12",NA,NA
"LTFE_Duernast",2022,3625,"MAZ",NA,"2022-10-12",NA,NA
"LTFE_Duernast",2022,3626,"MAZ",NA,"2022-10-12",NA,NA
"LTFE_Duernast",2022,3627,"MAZ",NA,"2022-10-12",NA,NA
"LTFE_Duernast",2022,3628,"MAZ",NA,"2022-10-12",NA,NA
"LTFE_Duernast",2022,3629,"MAZ",NA,"2022-10-12",NA,NA
"LTFE_Duernast",2022,3630,"MAZ",NA,"2022-10-12",NA,NA
"LTFE_Duernast",2022,3631,"MAZ",NA,"2022-10-12",NA,NA
"LTFE_Duernast",2022,3632,"MAZ",NA,"2022-10-12",NA,NA
"LTFE_Duernast",2022,3633,"MAZ",NA,"2022-10-12",NA,NA
"LTFE_Duernast",2022,3634,"MAZ",NA,"2022-10-12",NA,NA
"LTFE_Duernast",2022,3635,"MAZ",NA,"2022-10-12",NA,NA
"LTFE_Duernast",2022,3636,"MAZ",NA,"2022-10-12",NA,NA
"LTFE_Duernast",2022,3637,"MAZ",NA,"2022-10-12",NA,NA
"LTFE_Duernast",2022,3638,"MAZ",NA,"2022-10-12",NA,NA
"LTFE_Duernast",2022,3639,"MAZ",NA,"2022-10-12",NA,NA
"LTFE_Duernast",2022,3640,"MAZ",NA,"2022-10-12",NA,NA
"LTFE_Duernast",2022,3641,"MAZ",NA,"2022-10-12",NA,NA
"LTFE_Duernast",2022,3642,"MAZ",NA,"2022-10-12",NA,NA
"LTFE_Duernast",2022,3643,"MAZ",NA,"2022-10-12",NA,NA
"LTFE_Duernast",2022,3644,"MAZ",NA,"2022-10-12",NA,NA
"LTFE_Duernast",2022,3645,"MAZ",NA,"2022-10-12",NA,NA
"LTFE_Duernast",2022,3646,"MAZ",NA,"2022-10-12",NA,NA
"LTFE_Duernast",2022,3647,"MAZ",NA,"2022-10-12",NA,NA
"LTFE_Duernast",2022,3648,"MAZ",NA,"2022-10-12",NA,NA
"LTFE_Duernast",2022,3649,"MAZ",NA,"2022-10-12",NA,NA
"LTFE_Duernast",2022,3650,"MAZ",NA,"2022-10-12",NA,NA
"LTFE_Duernast",2022,3651,"MAZ",NA,"2022-10-12",NA,NA
"LTFE_Duernast",2022,3652,"MAZ",NA,"2022-10-12",NA,NA
"LTFE_Duernast",2022,3653,"MAZ",NA,"2022-10-12",NA,NA
"LTFE_Duernast",2022,3654,"MAZ",NA,"2022-10-12",NA,NA
"LTFE_Duernast",2022,3655,"MAZ",NA,"2022-10-12",NA,NA
"LTFE_Duernast",2022,3656,"MAZ",NA,"2022-10-12",NA,NA
"LTFE_Duernast",2022,3657,"MAZ",NA,"2022-10-12",NA,NA
"LTFE_Duernast",2022,3658,"MAZ",NA,"2022-10-12",NA,NA
"LTFE_Duernast",2022,3659,"MAZ",NA,"2022-10-12",NA,NA
"LTFE_Duernast",2022,3660,"MAZ",NA,"2022-10-12",NA,NA
"LTFE_Duernast",2022,3661,"MAZ",NA,"2022-10-12",NA,NA
"LTFE_Duernast",2022,3662,"MAZ",NA,"2022-10-12",NA,NA
"LTFE_Duernast",2022,3663,"MAZ",NA,"2022-10-12",NA,NA
"LTFE_Duernast",2022,3664,"MAZ",NA,"2022-10-12",NA,NA
"LTFE_Duernast",2022,3665,"MAZ",NA,"2022-10-12",NA,NA
"LTFE_Duernast",2022,3666,"MAZ",NA,"2022-10-12",NA,NA
"LTFE_Duernast",2022,3667,"MAZ",NA,"2022-10-12",NA,NA
"LTFE_Duernast",2022,3668,"MAZ",NA,"2022-10-12",NA,NA
"LTFE_Duernast",2022,3669,"MAZ",NA,"2022-10-12",NA,NA
"LTFE_Duernast",2022,3670,"MAZ",NA,"2022-10-12",NA,NA
"LTFE_Duernast",2022,3671,"MAZ",NA,"2022-10-12",NA,NA
"LTFE_Duernast",2022,3672,"MAZ",NA,"2022-10-12",NA,NA
"LTFE_Duernast",2022,3673,"MAZ",NA,"2022-10-12",NA,NA
"LTFE_Duernast",2022,3674,"MAZ",NA,"2022-10-12",NA,NA
"LTFE_Duernast",2022,3675,"MAZ",NA,"2022-10-12",NA,NA
"LTFE_Duernast",2022,3676,"MAZ",NA,"2022-10-12",NA,NA
"LTFE_Duernast",2022,3677,"MAZ",NA,"2022-10-12",NA,NA
"LTFE_Duernast",2022,3678,"MAZ",NA,"2022-10-12",NA,NA
"LTFE_Duernast",2022,3679,"MAZ",NA,"2022-10-12",NA,NA
"LTFE_Duernast",2022,3680,"MAZ",NA,"2022-10-12",NA,NA
