"experiment_id","experiment_year","tillage_level","tillage_date","tillage_operation_name","tillage_implement","till_op_comment"
"LTFE_Duernast",2015,4289,"2015-03-18","Saatbettbereitung",NA,NA
"LTFE_Duernast",2015,4290,"2015-03-18","Saatbettbereitung",NA,NA
"LTFE_Duernast",2015,4291,"2015-03-18","Saatbettbereitung",NA,NA
"LTFE_Duernast",2015,4292,"2015-03-18","Saatbettbereitung",NA,NA
"LTFE_Duernast",2015,4293,"2015-03-18","Saatbettbereitung",NA,NA
"LTFE_Duernast",2015,4294,"2015-03-18","Saatbettbereitung",NA,NA
"LTFE_Duernast",2015,4295,"2015-03-18","Saatbettbereitung",NA,NA
"LTFE_Duernast",2015,4296,"2015-03-18","Saatbettbereitung",NA,NA
"LTFE_Duernast",2015,4297,"2015-03-18","Saatbettbereitung",NA,NA
"LTFE_Duernast",2015,4298,"2015-03-18","Saatbettbereitung",NA,NA
"LTFE_Duernast",2015,4299,"2015-03-18","Saatbettbereitung",NA,NA
"LTFE_Duernast",2015,4300,"2015-03-18","Saatbettbereitung",NA,NA
"LTFE_Duernast",2015,4301,"2015-03-18","Saatbettbereitung",NA,NA
"LTFE_Duernast",2015,4302,"2015-03-18","Saatbettbereitung",NA,NA
"LTFE_Duernast",2015,4303,"2015-03-18","Saatbettbereitung",NA,NA
"LTFE_Duernast",2015,4304,"2015-03-18","Saatbettbereitung",NA,NA
"LTFE_Duernast",2015,4305,"2015-03-18","Saatbettbereitung",NA,NA
"LTFE_Duernast",2015,4306,"2015-03-18","Saatbettbereitung",NA,NA
"LTFE_Duernast",2015,4307,"2015-03-18","Saatbettbereitung",NA,NA
"LTFE_Duernast",2015,4308,"2015-03-18","Saatbettbereitung",NA,NA
"LTFE_Duernast",2015,4309,"2015-03-18","Saatbettbereitung",NA,NA
"LTFE_Duernast",2015,4310,"2015-03-18","Saatbettbereitung",NA,NA
"LTFE_Duernast",2015,4311,"2015-03-18","Saatbettbereitung",NA,NA
"LTFE_Duernast",2015,4312,"2015-03-18","Saatbettbereitung",NA,NA
"LTFE_Duernast",2015,4313,"2015-03-18","Saatbettbereitung",NA,NA
"LTFE_Duernast",2015,4314,"2015-03-18","Saatbettbereitung",NA,NA
"LTFE_Duernast",2015,4315,"2015-03-18","Saatbettbereitung",NA,NA
"LTFE_Duernast",2015,4316,"2015-03-18","Saatbettbereitung",NA,NA
"LTFE_Duernast",2015,4317,"2015-03-18","Saatbettbereitung",NA,NA
"LTFE_Duernast",2015,4318,"2015-03-18","Saatbettbereitung",NA,NA
"LTFE_Duernast",2015,4319,"2015-03-18","Saatbettbereitung",NA,NA
"LTFE_Duernast",2015,4320,"2015-03-18","Saatbettbereitung",NA,NA
"LTFE_Duernast",2015,4321,"2015-03-18","Saatbettbereitung",NA,NA
"LTFE_Duernast",2015,4322,"2015-03-18","Saatbettbereitung",NA,NA
"LTFE_Duernast",2015,4323,"2015-03-18","Saatbettbereitung",NA,NA
"LTFE_Duernast",2015,4324,"2015-03-18","Saatbettbereitung",NA,NA
"LTFE_Duernast",2015,4325,"2015-03-18","Saatbettbereitung",NA,NA
"LTFE_Duernast",2015,4326,"2015-03-18","Saatbettbereitung",NA,NA
"LTFE_Duernast",2015,4327,"2015-03-18","Saatbettbereitung",NA,NA
"LTFE_Duernast",2015,4328,"2015-03-18","Saatbettbereitung",NA,NA
"LTFE_Duernast",2015,4329,"2015-03-18","Saatbettbereitung",NA,NA
"LTFE_Duernast",2015,4330,"2015-03-18","Saatbettbereitung",NA,NA
"LTFE_Duernast",2015,4331,"2015-03-18","Saatbettbereitung",NA,NA
"LTFE_Duernast",2015,4332,"2015-03-18","Saatbettbereitung",NA,NA
"LTFE_Duernast",2015,4333,"2015-03-18","Saatbettbereitung",NA,NA
"LTFE_Duernast",2015,4334,"2015-03-18","Saatbettbereitung",NA,NA
"LTFE_Duernast",2015,4335,"2015-03-18","Saatbettbereitung",NA,NA
"LTFE_Duernast",2015,4336,"2015-03-18","Saatbettbereitung",NA,NA
"LTFE_Duernast",2015,4337,"2015-03-18","Saatbettbereitung",NA,NA
"LTFE_Duernast",2015,4338,"2015-03-18","Saatbettbereitung",NA,NA
"LTFE_Duernast",2015,4339,"2015-03-18","Saatbettbereitung",NA,NA
"LTFE_Duernast",2015,4340,"2015-03-18","Saatbettbereitung",NA,NA
"LTFE_Duernast",2015,4341,"2015-03-18","Saatbettbereitung",NA,NA
"LTFE_Duernast",2015,4342,"2015-03-18","Saatbettbereitung",NA,NA
"LTFE_Duernast",2015,4343,"2015-03-18","Saatbettbereitung",NA,NA
"LTFE_Duernast",2015,4344,"2015-03-18","Saatbettbereitung",NA,NA
"LTFE_Duernast",2015,4345,"2015-03-18","Saatbettbereitung",NA,NA
"LTFE_Duernast",2015,4346,"2015-03-18","Saatbettbereitung",NA,NA
"LTFE_Duernast",2015,4347,"2015-03-18","Saatbettbereitung",NA,NA
"LTFE_Duernast",2015,4348,"2015-03-18","Saatbettbereitung",NA,NA
"LTFE_Duernast",2015,4349,"2015-03-18","Saatbettbereitung",NA,NA
"LTFE_Duernast",2015,4350,"2015-03-18","Saatbettbereitung",NA,NA
"LTFE_Duernast",2015,4351,"2015-03-18","Saatbettbereitung",NA,NA
"LTFE_Duernast",2015,4352,"2015-03-18","Saatbettbereitung",NA,NA
"LTFE_Duernast",2016,4353,"2016-05-04","Saatbettbereitung",NA,NA
"LTFE_Duernast",2016,4354,"2016-05-04","Saatbettbereitung",NA,NA
"LTFE_Duernast",2016,4355,"2016-05-04","Saatbettbereitung",NA,NA
"LTFE_Duernast",2016,4356,"2016-05-04","Saatbettbereitung",NA,NA
"LTFE_Duernast",2016,4357,"2016-05-04","Saatbettbereitung",NA,NA
"LTFE_Duernast",2016,4358,"2016-05-04","Saatbettbereitung",NA,NA
"LTFE_Duernast",2016,4359,"2016-05-04","Saatbettbereitung",NA,NA
"LTFE_Duernast",2016,4360,"2016-05-04","Saatbettbereitung",NA,NA
"LTFE_Duernast",2016,4361,"2016-05-04","Saatbettbereitung",NA,NA
"LTFE_Duernast",2016,4362,"2016-05-04","Saatbettbereitung",NA,NA
"LTFE_Duernast",2016,4363,"2016-05-04","Saatbettbereitung",NA,NA
"LTFE_Duernast",2016,4364,"2016-05-04","Saatbettbereitung",NA,NA
"LTFE_Duernast",2016,4365,"2016-05-04","Saatbettbereitung",NA,NA
"LTFE_Duernast",2016,4366,"2016-05-04","Saatbettbereitung",NA,NA
"LTFE_Duernast",2016,4367,"2016-05-04","Saatbettbereitung",NA,NA
"LTFE_Duernast",2016,4368,"2016-05-04","Saatbettbereitung",NA,NA
"LTFE_Duernast",2016,4369,"2016-05-04","Saatbettbereitung",NA,NA
"LTFE_Duernast",2016,4370,"2016-05-04","Saatbettbereitung",NA,NA
"LTFE_Duernast",2016,4371,"2016-05-04","Saatbettbereitung",NA,NA
"LTFE_Duernast",2016,4372,"2016-05-04","Saatbettbereitung",NA,NA
"LTFE_Duernast",2016,4373,"2016-05-04","Saatbettbereitung",NA,NA
"LTFE_Duernast",2016,4374,"2016-05-04","Saatbettbereitung",NA,NA
"LTFE_Duernast",2016,4375,"2016-05-04","Saatbettbereitung",NA,NA
"LTFE_Duernast",2016,4376,"2016-05-04","Saatbettbereitung",NA,NA
"LTFE_Duernast",2016,4377,"2016-05-04","Saatbettbereitung",NA,NA
"LTFE_Duernast",2016,4378,"2016-05-04","Saatbettbereitung",NA,NA
"LTFE_Duernast",2016,4379,"2016-05-04","Saatbettbereitung",NA,NA
"LTFE_Duernast",2016,4380,"2016-05-04","Saatbettbereitung",NA,NA
"LTFE_Duernast",2016,4381,"2016-05-04","Saatbettbereitung",NA,NA
"LTFE_Duernast",2016,4382,"2016-05-04","Saatbettbereitung",NA,NA
"LTFE_Duernast",2016,4383,"2016-05-04","Saatbettbereitung",NA,NA
"LTFE_Duernast",2016,4384,"2016-05-04","Saatbettbereitung",NA,NA
"LTFE_Duernast",2016,4385,"2016-05-04","Saatbettbereitung",NA,NA
"LTFE_Duernast",2016,4386,"2016-05-04","Saatbettbereitung",NA,NA
"LTFE_Duernast",2016,4387,"2016-05-04","Saatbettbereitung",NA,NA
"LTFE_Duernast",2016,4388,"2016-05-04","Saatbettbereitung",NA,NA
"LTFE_Duernast",2016,4389,"2016-05-04","Saatbettbereitung",NA,NA
"LTFE_Duernast",2016,4390,"2016-05-04","Saatbettbereitung",NA,NA
"LTFE_Duernast",2016,4391,"2016-05-04","Saatbettbereitung",NA,NA
"LTFE_Duernast",2016,4392,"2016-05-04","Saatbettbereitung",NA,NA
"LTFE_Duernast",2016,4393,"2016-05-04","Saatbettbereitung",NA,NA
"LTFE_Duernast",2016,4394,"2016-05-04","Saatbettbereitung",NA,NA
"LTFE_Duernast",2016,4395,"2016-05-04","Saatbettbereitung",NA,NA
"LTFE_Duernast",2016,4396,"2016-05-04","Saatbettbereitung",NA,NA
"LTFE_Duernast",2016,4397,"2016-05-04","Saatbettbereitung",NA,NA
"LTFE_Duernast",2016,4398,"2016-05-04","Saatbettbereitung",NA,NA
"LTFE_Duernast",2016,4399,"2016-05-04","Saatbettbereitung",NA,NA
"LTFE_Duernast",2016,4400,"2016-05-04","Saatbettbereitung",NA,NA
"LTFE_Duernast",2016,4401,"2016-05-04","Saatbettbereitung",NA,NA
"LTFE_Duernast",2016,4402,"2016-05-04","Saatbettbereitung",NA,NA
"LTFE_Duernast",2016,4403,"2016-05-04","Saatbettbereitung",NA,NA
"LTFE_Duernast",2016,4404,"2016-05-04","Saatbettbereitung",NA,NA
"LTFE_Duernast",2016,4405,"2016-05-04","Saatbettbereitung",NA,NA
"LTFE_Duernast",2016,4406,"2016-05-04","Saatbettbereitung",NA,NA
"LTFE_Duernast",2016,4407,"2016-05-04","Saatbettbereitung",NA,NA
"LTFE_Duernast",2016,4408,"2016-05-04","Saatbettbereitung",NA,NA
"LTFE_Duernast",2016,4409,"2016-05-04","Saatbettbereitung",NA,NA
"LTFE_Duernast",2016,4410,"2016-05-04","Saatbettbereitung",NA,NA
"LTFE_Duernast",2016,4411,"2016-05-04","Saatbettbereitung",NA,NA
"LTFE_Duernast",2016,4412,"2016-05-04","Saatbettbereitung",NA,NA
"LTFE_Duernast",2016,4413,"2016-05-04","Saatbettbereitung",NA,NA
"LTFE_Duernast",2016,4414,"2016-05-04","Saatbettbereitung",NA,NA
"LTFE_Duernast",2016,4415,"2016-05-04","Saatbettbereitung",NA,NA
"LTFE_Duernast",2016,4416,"2016-05-04","Saatbettbereitung",NA,NA
"LTFE_Duernast",2017,4417,"2016-10-19","Grubber",NA,NA
"LTFE_Duernast",2017,4418,"2016-10-19","Grubber",NA,NA
"LTFE_Duernast",2017,4419,"2016-10-19","Grubber",NA,NA
"LTFE_Duernast",2017,4420,"2016-10-19","Grubber",NA,NA
"LTFE_Duernast",2017,4421,"2016-10-19","Grubber",NA,NA
"LTFE_Duernast",2017,4422,"2016-10-19","Grubber",NA,NA
"LTFE_Duernast",2017,4423,"2016-10-19","Grubber",NA,NA
"LTFE_Duernast",2017,4424,"2016-10-19","Grubber",NA,NA
"LTFE_Duernast",2017,4425,"2016-10-19","Grubber",NA,NA
"LTFE_Duernast",2017,4426,"2016-10-19","Grubber",NA,NA
"LTFE_Duernast",2017,4427,"2016-10-19","Grubber",NA,NA
"LTFE_Duernast",2017,4428,"2016-10-19","Grubber",NA,NA
"LTFE_Duernast",2017,4429,"2016-10-19","Grubber",NA,NA
"LTFE_Duernast",2017,4430,"2016-10-19","Grubber",NA,NA
"LTFE_Duernast",2017,4431,"2016-10-19","Grubber",NA,NA
"LTFE_Duernast",2017,4432,"2016-10-19","Grubber",NA,NA
"LTFE_Duernast",2017,4433,"2016-10-19","Grubber",NA,NA
"LTFE_Duernast",2017,4434,"2016-10-19","Grubber",NA,NA
"LTFE_Duernast",2017,4435,"2016-10-19","Grubber",NA,NA
"LTFE_Duernast",2017,4436,"2016-10-19","Grubber",NA,NA
"LTFE_Duernast",2017,4437,"2016-10-19","Grubber",NA,NA
"LTFE_Duernast",2017,4438,"2016-10-19","Grubber",NA,NA
"LTFE_Duernast",2017,4439,"2016-10-19","Grubber",NA,NA
"LTFE_Duernast",2017,4440,"2016-10-19","Grubber",NA,NA
"LTFE_Duernast",2017,4441,"2016-10-19","Grubber",NA,NA
"LTFE_Duernast",2017,4442,"2016-10-19","Grubber",NA,NA
"LTFE_Duernast",2017,4443,"2016-10-19","Grubber",NA,NA
"LTFE_Duernast",2017,4444,"2016-10-19","Grubber",NA,NA
"LTFE_Duernast",2017,4445,"2016-10-19","Grubber",NA,NA
"LTFE_Duernast",2017,4446,"2016-10-19","Grubber",NA,NA
"LTFE_Duernast",2017,4447,"2016-10-19","Grubber",NA,NA
"LTFE_Duernast",2017,4448,"2016-10-19","Grubber",NA,NA
"LTFE_Duernast",2017,4449,"2016-10-19","Grubber",NA,NA
"LTFE_Duernast",2017,4450,"2016-10-19","Grubber",NA,NA
"LTFE_Duernast",2017,4451,"2016-10-19","Grubber",NA,NA
"LTFE_Duernast",2017,4452,"2016-10-19","Grubber",NA,NA
"LTFE_Duernast",2017,4453,"2016-10-19","Grubber",NA,NA
"LTFE_Duernast",2017,4454,"2016-10-19","Grubber",NA,NA
"LTFE_Duernast",2017,4455,"2016-10-19","Grubber",NA,NA
"LTFE_Duernast",2017,4456,"2016-10-19","Grubber",NA,NA
"LTFE_Duernast",2017,4457,"2016-10-19","Grubber",NA,NA
"LTFE_Duernast",2017,4458,"2016-10-19","Grubber",NA,NA
"LTFE_Duernast",2017,4459,"2016-10-19","Grubber",NA,NA
"LTFE_Duernast",2017,4460,"2016-10-19","Grubber",NA,NA
"LTFE_Duernast",2017,4461,"2016-10-19","Grubber",NA,NA
"LTFE_Duernast",2017,4462,"2016-10-19","Grubber",NA,NA
"LTFE_Duernast",2017,4463,"2016-10-19","Grubber",NA,NA
"LTFE_Duernast",2017,4464,"2016-10-19","Grubber",NA,NA
"LTFE_Duernast",2017,4465,"2016-10-19","Grubber",NA,NA
"LTFE_Duernast",2017,4466,"2016-10-19","Grubber",NA,NA
"LTFE_Duernast",2017,4467,"2016-10-19","Grubber",NA,NA
"LTFE_Duernast",2017,4468,"2016-10-19","Grubber",NA,NA
"LTFE_Duernast",2017,4469,"2016-10-19","Grubber",NA,NA
"LTFE_Duernast",2017,4470,"2016-10-19","Grubber",NA,NA
"LTFE_Duernast",2017,4471,"2016-10-19","Grubber",NA,NA
"LTFE_Duernast",2017,4472,"2016-10-19","Grubber",NA,NA
"LTFE_Duernast",2017,4473,"2016-10-19","Grubber",NA,NA
"LTFE_Duernast",2017,4474,"2016-10-19","Grubber",NA,NA
"LTFE_Duernast",2017,4475,"2016-10-19","Grubber",NA,NA
"LTFE_Duernast",2017,4476,"2016-10-19","Grubber",NA,NA
"LTFE_Duernast",2017,4477,"2016-10-19","Grubber",NA,NA
"LTFE_Duernast",2017,4478,"2016-10-19","Grubber",NA,NA
"LTFE_Duernast",2017,4479,"2016-10-19","Grubber",NA,NA
"LTFE_Duernast",2017,4480,"2016-10-19","Grubber",NA,NA
"LTFE_Duernast",2017,4481,"2016-10-22","Pflug",NA,NA
"LTFE_Duernast",2017,4482,"2016-10-22","Pflug",NA,NA
"LTFE_Duernast",2017,4483,"2016-10-22","Pflug",NA,NA
"LTFE_Duernast",2017,4484,"2016-10-22","Pflug",NA,NA
"LTFE_Duernast",2017,4485,"2016-10-22","Pflug",NA,NA
"LTFE_Duernast",2017,4486,"2016-10-22","Pflug",NA,NA
"LTFE_Duernast",2017,4487,"2016-10-22","Pflug",NA,NA
"LTFE_Duernast",2017,4488,"2016-10-22","Pflug",NA,NA
"LTFE_Duernast",2017,4489,"2016-10-22","Pflug",NA,NA
"LTFE_Duernast",2017,4490,"2016-10-22","Pflug",NA,NA
"LTFE_Duernast",2017,4491,"2016-10-22","Pflug",NA,NA
"LTFE_Duernast",2017,4492,"2016-10-22","Pflug",NA,NA
"LTFE_Duernast",2017,4493,"2016-10-22","Pflug",NA,NA
"LTFE_Duernast",2017,4494,"2016-10-22","Pflug",NA,NA
"LTFE_Duernast",2017,4495,"2016-10-22","Pflug",NA,NA
"LTFE_Duernast",2017,4496,"2016-10-22","Pflug",NA,NA
"LTFE_Duernast",2017,4497,"2016-10-22","Pflug",NA,NA
"LTFE_Duernast",2017,4498,"2016-10-22","Pflug",NA,NA
"LTFE_Duernast",2017,4499,"2016-10-22","Pflug",NA,NA
"LTFE_Duernast",2017,4500,"2016-10-22","Pflug",NA,NA
"LTFE_Duernast",2017,4501,"2016-10-22","Pflug",NA,NA
"LTFE_Duernast",2017,4502,"2016-10-22","Pflug",NA,NA
"LTFE_Duernast",2017,4503,"2016-10-22","Pflug",NA,NA
"LTFE_Duernast",2017,4504,"2016-10-22","Pflug",NA,NA
"LTFE_Duernast",2017,4505,"2016-10-22","Pflug",NA,NA
"LTFE_Duernast",2017,4506,"2016-10-22","Pflug",NA,NA
"LTFE_Duernast",2017,4507,"2016-10-22","Pflug",NA,NA
"LTFE_Duernast",2017,4508,"2016-10-22","Pflug",NA,NA
"LTFE_Duernast",2017,4509,"2016-10-22","Pflug",NA,NA
"LTFE_Duernast",2017,4510,"2016-10-22","Pflug",NA,NA
"LTFE_Duernast",2017,4511,"2016-10-22","Pflug",NA,NA
"LTFE_Duernast",2017,4512,"2016-10-22","Pflug",NA,NA
"LTFE_Duernast",2017,4513,"2016-10-22","Pflug",NA,NA
"LTFE_Duernast",2017,4514,"2016-10-22","Pflug",NA,NA
"LTFE_Duernast",2017,4515,"2016-10-22","Pflug",NA,NA
"LTFE_Duernast",2017,4516,"2016-10-22","Pflug",NA,NA
"LTFE_Duernast",2017,4517,"2016-10-22","Pflug",NA,NA
"LTFE_Duernast",2017,4518,"2016-10-22","Pflug",NA,NA
"LTFE_Duernast",2017,4519,"2016-10-22","Pflug",NA,NA
"LTFE_Duernast",2017,4520,"2016-10-22","Pflug",NA,NA
"LTFE_Duernast",2017,4521,"2016-10-22","Pflug",NA,NA
"LTFE_Duernast",2017,4522,"2016-10-22","Pflug",NA,NA
"LTFE_Duernast",2017,4523,"2016-10-22","Pflug",NA,NA
"LTFE_Duernast",2017,4524,"2016-10-22","Pflug",NA,NA
"LTFE_Duernast",2017,4525,"2016-10-22","Pflug",NA,NA
"LTFE_Duernast",2017,4526,"2016-10-22","Pflug",NA,NA
"LTFE_Duernast",2017,4527,"2016-10-22","Pflug",NA,NA
"LTFE_Duernast",2017,4528,"2016-10-22","Pflug",NA,NA
"LTFE_Duernast",2017,4529,"2016-10-22","Pflug",NA,NA
"LTFE_Duernast",2017,4530,"2016-10-22","Pflug",NA,NA
"LTFE_Duernast",2017,4531,"2016-10-22","Pflug",NA,NA
"LTFE_Duernast",2017,4532,"2016-10-22","Pflug",NA,NA
"LTFE_Duernast",2017,4533,"2016-10-22","Pflug",NA,NA
"LTFE_Duernast",2017,4534,"2016-10-22","Pflug",NA,NA
"LTFE_Duernast",2017,4535,"2016-10-22","Pflug",NA,NA
"LTFE_Duernast",2017,4536,"2016-10-22","Pflug",NA,NA
"LTFE_Duernast",2017,4537,"2016-10-22","Pflug",NA,NA
"LTFE_Duernast",2017,4538,"2016-10-22","Pflug",NA,NA
"LTFE_Duernast",2017,4539,"2016-10-22","Pflug",NA,NA
"LTFE_Duernast",2017,4540,"2016-10-22","Pflug",NA,NA
"LTFE_Duernast",2017,4541,"2016-10-22","Pflug",NA,NA
"LTFE_Duernast",2017,4542,"2016-10-22","Pflug",NA,NA
"LTFE_Duernast",2017,4543,"2016-10-22","Pflug",NA,NA
"LTFE_Duernast",2017,4544,"2016-10-22","Pflug",NA,NA
"LTFE_Duernast",2017,4545,"2016-10-24","Saatbettbereitung",NA,NA
"LTFE_Duernast",2017,4546,"2016-10-24","Saatbettbereitung",NA,NA
"LTFE_Duernast",2017,4547,"2016-10-24","Saatbettbereitung",NA,NA
"LTFE_Duernast",2017,4548,"2016-10-24","Saatbettbereitung",NA,NA
"LTFE_Duernast",2017,4549,"2016-10-24","Saatbettbereitung",NA,NA
"LTFE_Duernast",2017,4550,"2016-10-24","Saatbettbereitung",NA,NA
"LTFE_Duernast",2017,4551,"2016-10-24","Saatbettbereitung",NA,NA
"LTFE_Duernast",2017,4552,"2016-10-24","Saatbettbereitung",NA,NA
"LTFE_Duernast",2017,4553,"2016-10-24","Saatbettbereitung",NA,NA
"LTFE_Duernast",2017,4554,"2016-10-24","Saatbettbereitung",NA,NA
"LTFE_Duernast",2017,4555,"2016-10-24","Saatbettbereitung",NA,NA
"LTFE_Duernast",2017,4556,"2016-10-24","Saatbettbereitung",NA,NA
"LTFE_Duernast",2017,4557,"2016-10-24","Saatbettbereitung",NA,NA
"LTFE_Duernast",2017,4558,"2016-10-24","Saatbettbereitung",NA,NA
"LTFE_Duernast",2017,4559,"2016-10-24","Saatbettbereitung",NA,NA
"LTFE_Duernast",2017,4560,"2016-10-24","Saatbettbereitung",NA,NA
"LTFE_Duernast",2017,4561,"2016-10-24","Saatbettbereitung",NA,NA
"LTFE_Duernast",2017,4562,"2016-10-24","Saatbettbereitung",NA,NA
"LTFE_Duernast",2017,4563,"2016-10-24","Saatbettbereitung",NA,NA
"LTFE_Duernast",2017,4564,"2016-10-24","Saatbettbereitung",NA,NA
"LTFE_Duernast",2017,4565,"2016-10-24","Saatbettbereitung",NA,NA
"LTFE_Duernast",2017,4566,"2016-10-24","Saatbettbereitung",NA,NA
"LTFE_Duernast",2017,4567,"2016-10-24","Saatbettbereitung",NA,NA
"LTFE_Duernast",2017,4568,"2016-10-24","Saatbettbereitung",NA,NA
"LTFE_Duernast",2017,4569,"2016-10-24","Saatbettbereitung",NA,NA
"LTFE_Duernast",2017,4570,"2016-10-24","Saatbettbereitung",NA,NA
"LTFE_Duernast",2017,4571,"2016-10-24","Saatbettbereitung",NA,NA
"LTFE_Duernast",2017,4572,"2016-10-24","Saatbettbereitung",NA,NA
"LTFE_Duernast",2017,4573,"2016-10-24","Saatbettbereitung",NA,NA
"LTFE_Duernast",2017,4574,"2016-10-24","Saatbettbereitung",NA,NA
"LTFE_Duernast",2017,4575,"2016-10-24","Saatbettbereitung",NA,NA
"LTFE_Duernast",2017,4576,"2016-10-24","Saatbettbereitung",NA,NA
"LTFE_Duernast",2017,4577,"2016-10-24","Saatbettbereitung",NA,NA
"LTFE_Duernast",2017,4578,"2016-10-24","Saatbettbereitung",NA,NA
"LTFE_Duernast",2017,4579,"2016-10-24","Saatbettbereitung",NA,NA
"LTFE_Duernast",2017,4580,"2016-10-24","Saatbettbereitung",NA,NA
"LTFE_Duernast",2017,4581,"2016-10-24","Saatbettbereitung",NA,NA
"LTFE_Duernast",2017,4582,"2016-10-24","Saatbettbereitung",NA,NA
"LTFE_Duernast",2017,4583,"2016-10-24","Saatbettbereitung",NA,NA
"LTFE_Duernast",2017,4584,"2016-10-24","Saatbettbereitung",NA,NA
"LTFE_Duernast",2017,4585,"2016-10-24","Saatbettbereitung",NA,NA
"LTFE_Duernast",2017,4586,"2016-10-24","Saatbettbereitung",NA,NA
"LTFE_Duernast",2017,4587,"2016-10-24","Saatbettbereitung",NA,NA
"LTFE_Duernast",2017,4588,"2016-10-24","Saatbettbereitung",NA,NA
"LTFE_Duernast",2017,4589,"2016-10-24","Saatbettbereitung",NA,NA
"LTFE_Duernast",2017,4590,"2016-10-24","Saatbettbereitung",NA,NA
"LTFE_Duernast",2017,4591,"2016-10-24","Saatbettbereitung",NA,NA
"LTFE_Duernast",2017,4592,"2016-10-24","Saatbettbereitung",NA,NA
"LTFE_Duernast",2017,4593,"2016-10-24","Saatbettbereitung",NA,NA
"LTFE_Duernast",2017,4594,"2016-10-24","Saatbettbereitung",NA,NA
"LTFE_Duernast",2017,4595,"2016-10-24","Saatbettbereitung",NA,NA
"LTFE_Duernast",2017,4596,"2016-10-24","Saatbettbereitung",NA,NA
"LTFE_Duernast",2017,4597,"2016-10-24","Saatbettbereitung",NA,NA
"LTFE_Duernast",2017,4598,"2016-10-24","Saatbettbereitung",NA,NA
"LTFE_Duernast",2017,4599,"2016-10-24","Saatbettbereitung",NA,NA
"LTFE_Duernast",2017,4600,"2016-10-24","Saatbettbereitung",NA,NA
"LTFE_Duernast",2017,4601,"2016-10-24","Saatbettbereitung",NA,NA
"LTFE_Duernast",2017,4602,"2016-10-24","Saatbettbereitung",NA,NA
"LTFE_Duernast",2017,4603,"2016-10-24","Saatbettbereitung",NA,NA
"LTFE_Duernast",2017,4604,"2016-10-24","Saatbettbereitung",NA,NA
"LTFE_Duernast",2017,4605,"2016-10-24","Saatbettbereitung",NA,NA
"LTFE_Duernast",2017,4606,"2016-10-24","Saatbettbereitung",NA,NA
"LTFE_Duernast",2017,4607,"2016-10-24","Saatbettbereitung",NA,NA
"LTFE_Duernast",2017,4608,"2016-10-24","Saatbettbereitung",NA,NA
"LTFE_Duernast",2019,4609,"2018-10-11","Pflug",NA,NA
"LTFE_Duernast",2019,4610,"2018-10-11","Pflug",NA,NA
"LTFE_Duernast",2019,4611,"2018-10-11","Pflug",NA,NA
"LTFE_Duernast",2019,4612,"2018-10-11","Pflug",NA,NA
"LTFE_Duernast",2019,4613,"2018-10-11","Pflug",NA,NA
"LTFE_Duernast",2019,4614,"2018-10-11","Pflug",NA,NA
"LTFE_Duernast",2019,4615,"2018-10-11","Pflug",NA,NA
"LTFE_Duernast",2019,4616,"2018-10-11","Pflug",NA,NA
"LTFE_Duernast",2019,4617,"2018-10-11","Pflug",NA,NA
"LTFE_Duernast",2019,4618,"2018-10-11","Pflug",NA,NA
"LTFE_Duernast",2019,4619,"2018-10-11","Pflug",NA,NA
"LTFE_Duernast",2019,4620,"2018-10-11","Pflug",NA,NA
"LTFE_Duernast",2019,4621,"2018-10-11","Pflug",NA,NA
"LTFE_Duernast",2019,4622,"2018-10-11","Pflug",NA,NA
"LTFE_Duernast",2019,4623,"2018-10-11","Pflug",NA,NA
"LTFE_Duernast",2019,4624,"2018-10-11","Pflug",NA,NA
"LTFE_Duernast",2019,4625,"2018-10-11","Pflug",NA,NA
"LTFE_Duernast",2019,4626,"2018-10-11","Pflug",NA,NA
"LTFE_Duernast",2019,4627,"2018-10-11","Pflug",NA,NA
"LTFE_Duernast",2019,4628,"2018-10-11","Pflug",NA,NA
"LTFE_Duernast",2019,4629,"2018-10-11","Pflug",NA,NA
"LTFE_Duernast",2019,4630,"2018-10-11","Pflug",NA,NA
"LTFE_Duernast",2019,4631,"2018-10-11","Pflug",NA,NA
"LTFE_Duernast",2019,4632,"2018-10-11","Pflug",NA,NA
"LTFE_Duernast",2019,4633,"2018-10-11","Pflug",NA,NA
"LTFE_Duernast",2019,4634,"2018-10-11","Pflug",NA,NA
"LTFE_Duernast",2019,4635,"2018-10-11","Pflug",NA,NA
"LTFE_Duernast",2019,4636,"2018-10-11","Pflug",NA,NA
"LTFE_Duernast",2019,4637,"2018-10-11","Pflug",NA,NA
"LTFE_Duernast",2019,4638,"2018-10-11","Pflug",NA,NA
"LTFE_Duernast",2019,4639,"2018-10-11","Pflug",NA,NA
"LTFE_Duernast",2019,4640,"2018-10-11","Pflug",NA,NA
"LTFE_Duernast",2019,4641,"2018-10-11","Pflug",NA,NA
"LTFE_Duernast",2019,4642,"2018-10-11","Pflug",NA,NA
"LTFE_Duernast",2019,4643,"2018-10-11","Pflug",NA,NA
"LTFE_Duernast",2019,4644,"2018-10-11","Pflug",NA,NA
"LTFE_Duernast",2019,4645,"2018-10-11","Pflug",NA,NA
"LTFE_Duernast",2019,4646,"2018-10-11","Pflug",NA,NA
"LTFE_Duernast",2019,4647,"2018-10-11","Pflug",NA,NA
"LTFE_Duernast",2019,4648,"2018-10-11","Pflug",NA,NA
"LTFE_Duernast",2019,4649,"2018-10-11","Pflug",NA,NA
"LTFE_Duernast",2019,4650,"2018-10-11","Pflug",NA,NA
"LTFE_Duernast",2019,4651,"2018-10-11","Pflug",NA,NA
"LTFE_Duernast",2019,4652,"2018-10-11","Pflug",NA,NA
"LTFE_Duernast",2019,4653,"2018-10-11","Pflug",NA,NA
"LTFE_Duernast",2019,4654,"2018-10-11","Pflug",NA,NA
"LTFE_Duernast",2019,4655,"2018-10-11","Pflug",NA,NA
"LTFE_Duernast",2019,4656,"2018-10-11","Pflug",NA,NA
"LTFE_Duernast",2019,4657,"2018-10-11","Pflug",NA,NA
"LTFE_Duernast",2019,4658,"2018-10-11","Pflug",NA,NA
"LTFE_Duernast",2019,4659,"2018-10-11","Pflug",NA,NA
"LTFE_Duernast",2019,4660,"2018-10-11","Pflug",NA,NA
"LTFE_Duernast",2019,4661,"2018-10-11","Pflug",NA,NA
"LTFE_Duernast",2019,4662,"2018-10-11","Pflug",NA,NA
"LTFE_Duernast",2019,4663,"2018-10-11","Pflug",NA,NA
"LTFE_Duernast",2019,4664,"2018-10-11","Pflug",NA,NA
"LTFE_Duernast",2019,4665,"2018-10-11","Pflug",NA,NA
"LTFE_Duernast",2019,4666,"2018-10-11","Pflug",NA,NA
"LTFE_Duernast",2019,4667,"2018-10-11","Pflug",NA,NA
"LTFE_Duernast",2019,4668,"2018-10-11","Pflug",NA,NA
"LTFE_Duernast",2019,4669,"2018-10-11","Pflug",NA,NA
"LTFE_Duernast",2019,4670,"2018-10-11","Pflug",NA,NA
"LTFE_Duernast",2019,4671,"2018-10-11","Pflug",NA,NA
"LTFE_Duernast",2019,4672,"2018-10-11","Pflug",NA,NA
"LTFE_Duernast",2019,4673,"2018-10-11","Saatbettbereitung",NA,NA
"LTFE_Duernast",2019,4674,"2018-10-11","Saatbettbereitung",NA,NA
"LTFE_Duernast",2019,4675,"2018-10-11","Saatbettbereitung",NA,NA
"LTFE_Duernast",2019,4676,"2018-10-11","Saatbettbereitung",NA,NA
"LTFE_Duernast",2019,4677,"2018-10-11","Saatbettbereitung",NA,NA
"LTFE_Duernast",2019,4678,"2018-10-11","Saatbettbereitung",NA,NA
"LTFE_Duernast",2019,4679,"2018-10-11","Saatbettbereitung",NA,NA
"LTFE_Duernast",2019,4680,"2018-10-11","Saatbettbereitung",NA,NA
"LTFE_Duernast",2019,4681,"2018-10-11","Saatbettbereitung",NA,NA
"LTFE_Duernast",2019,4682,"2018-10-11","Saatbettbereitung",NA,NA
"LTFE_Duernast",2019,4683,"2018-10-11","Saatbettbereitung",NA,NA
"LTFE_Duernast",2019,4684,"2018-10-11","Saatbettbereitung",NA,NA
"LTFE_Duernast",2019,4685,"2018-10-11","Saatbettbereitung",NA,NA
"LTFE_Duernast",2019,4686,"2018-10-11","Saatbettbereitung",NA,NA
"LTFE_Duernast",2019,4687,"2018-10-11","Saatbettbereitung",NA,NA
"LTFE_Duernast",2019,4688,"2018-10-11","Saatbettbereitung",NA,NA
"LTFE_Duernast",2019,4689,"2018-10-11","Saatbettbereitung",NA,NA
"LTFE_Duernast",2019,4690,"2018-10-11","Saatbettbereitung",NA,NA
"LTFE_Duernast",2019,4691,"2018-10-11","Saatbettbereitung",NA,NA
"LTFE_Duernast",2019,4692,"2018-10-11","Saatbettbereitung",NA,NA
"LTFE_Duernast",2019,4693,"2018-10-11","Saatbettbereitung",NA,NA
"LTFE_Duernast",2019,4694,"2018-10-11","Saatbettbereitung",NA,NA
"LTFE_Duernast",2019,4695,"2018-10-11","Saatbettbereitung",NA,NA
"LTFE_Duernast",2019,4696,"2018-10-11","Saatbettbereitung",NA,NA
"LTFE_Duernast",2019,4697,"2018-10-11","Saatbettbereitung",NA,NA
"LTFE_Duernast",2019,4698,"2018-10-11","Saatbettbereitung",NA,NA
"LTFE_Duernast",2019,4699,"2018-10-11","Saatbettbereitung",NA,NA
"LTFE_Duernast",2019,4700,"2018-10-11","Saatbettbereitung",NA,NA
"LTFE_Duernast",2019,4701,"2018-10-11","Saatbettbereitung",NA,NA
"LTFE_Duernast",2019,4702,"2018-10-11","Saatbettbereitung",NA,NA
"LTFE_Duernast",2019,4703,"2018-10-11","Saatbettbereitung",NA,NA
"LTFE_Duernast",2019,4704,"2018-10-11","Saatbettbereitung",NA,NA
"LTFE_Duernast",2019,4705,"2018-10-11","Saatbettbereitung",NA,NA
"LTFE_Duernast",2019,4706,"2018-10-11","Saatbettbereitung",NA,NA
"LTFE_Duernast",2019,4707,"2018-10-11","Saatbettbereitung",NA,NA
"LTFE_Duernast",2019,4708,"2018-10-11","Saatbettbereitung",NA,NA
"LTFE_Duernast",2019,4709,"2018-10-11","Saatbettbereitung",NA,NA
"LTFE_Duernast",2019,4710,"2018-10-11","Saatbettbereitung",NA,NA
"LTFE_Duernast",2019,4711,"2018-10-11","Saatbettbereitung",NA,NA
"LTFE_Duernast",2019,4712,"2018-10-11","Saatbettbereitung",NA,NA
"LTFE_Duernast",2019,4713,"2018-10-11","Saatbettbereitung",NA,NA
"LTFE_Duernast",2019,4714,"2018-10-11","Saatbettbereitung",NA,NA
"LTFE_Duernast",2019,4715,"2018-10-11","Saatbettbereitung",NA,NA
"LTFE_Duernast",2019,4716,"2018-10-11","Saatbettbereitung",NA,NA
"LTFE_Duernast",2019,4717,"2018-10-11","Saatbettbereitung",NA,NA
"LTFE_Duernast",2019,4718,"2018-10-11","Saatbettbereitung",NA,NA
"LTFE_Duernast",2019,4719,"2018-10-11","Saatbettbereitung",NA,NA
"LTFE_Duernast",2019,4720,"2018-10-11","Saatbettbereitung",NA,NA
"LTFE_Duernast",2019,4721,"2018-10-11","Saatbettbereitung",NA,NA
"LTFE_Duernast",2019,4722,"2018-10-11","Saatbettbereitung",NA,NA
"LTFE_Duernast",2019,4723,"2018-10-11","Saatbettbereitung",NA,NA
"LTFE_Duernast",2019,4724,"2018-10-11","Saatbettbereitung",NA,NA
"LTFE_Duernast",2019,4725,"2018-10-11","Saatbettbereitung",NA,NA
"LTFE_Duernast",2019,4726,"2018-10-11","Saatbettbereitung",NA,NA
"LTFE_Duernast",2019,4727,"2018-10-11","Saatbettbereitung",NA,NA
"LTFE_Duernast",2019,4728,"2018-10-11","Saatbettbereitung",NA,NA
"LTFE_Duernast",2019,4729,"2018-10-11","Saatbettbereitung",NA,NA
"LTFE_Duernast",2019,4730,"2018-10-11","Saatbettbereitung",NA,NA
"LTFE_Duernast",2019,4731,"2018-10-11","Saatbettbereitung",NA,NA
"LTFE_Duernast",2019,4732,"2018-10-11","Saatbettbereitung",NA,NA
"LTFE_Duernast",2019,4733,"2018-10-11","Saatbettbereitung",NA,NA
"LTFE_Duernast",2019,4734,"2018-10-11","Saatbettbereitung",NA,NA
"LTFE_Duernast",2019,4735,"2018-10-11","Saatbettbereitung",NA,NA
"LTFE_Duernast",2019,4736,"2018-10-11","Saatbettbereitung",NA,NA
"LTFE_Duernast",2020,4737,"2019-11-07","Pflug",NA,NA
"LTFE_Duernast",2020,4738,"2019-11-07","Pflug",NA,NA
"LTFE_Duernast",2020,4739,"2019-11-07","Pflug",NA,NA
"LTFE_Duernast",2020,4740,"2019-11-07","Pflug",NA,NA
"LTFE_Duernast",2020,4741,"2019-11-07","Pflug",NA,NA
"LTFE_Duernast",2020,4742,"2019-11-07","Pflug",NA,NA
"LTFE_Duernast",2020,4743,"2019-11-07","Pflug",NA,NA
"LTFE_Duernast",2020,4744,"2019-11-07","Pflug",NA,NA
"LTFE_Duernast",2020,4745,"2019-11-07","Pflug",NA,NA
"LTFE_Duernast",2020,4746,"2019-11-07","Pflug",NA,NA
"LTFE_Duernast",2020,4747,"2019-11-07","Pflug",NA,NA
"LTFE_Duernast",2020,4748,"2019-11-07","Pflug",NA,NA
"LTFE_Duernast",2020,4749,"2019-11-07","Pflug",NA,NA
"LTFE_Duernast",2020,4750,"2019-11-07","Pflug",NA,NA
"LTFE_Duernast",2020,4751,"2019-11-07","Pflug",NA,NA
"LTFE_Duernast",2020,4752,"2019-11-07","Pflug",NA,NA
"LTFE_Duernast",2020,4753,"2019-11-07","Pflug",NA,NA
"LTFE_Duernast",2020,4754,"2019-11-07","Pflug",NA,NA
"LTFE_Duernast",2020,4755,"2019-11-07","Pflug",NA,NA
"LTFE_Duernast",2020,4756,"2019-11-07","Pflug",NA,NA
"LTFE_Duernast",2020,4757,"2019-11-07","Pflug",NA,NA
"LTFE_Duernast",2020,4758,"2019-11-07","Pflug",NA,NA
"LTFE_Duernast",2020,4759,"2019-11-07","Pflug",NA,NA
"LTFE_Duernast",2020,4760,"2019-11-07","Pflug",NA,NA
"LTFE_Duernast",2020,4761,"2019-11-07","Pflug",NA,NA
"LTFE_Duernast",2020,4762,"2019-11-07","Pflug",NA,NA
"LTFE_Duernast",2020,4763,"2019-11-07","Pflug",NA,NA
"LTFE_Duernast",2020,4764,"2019-11-07","Pflug",NA,NA
"LTFE_Duernast",2020,4765,"2019-11-07","Pflug",NA,NA
"LTFE_Duernast",2020,4766,"2019-11-07","Pflug",NA,NA
"LTFE_Duernast",2020,4767,"2019-11-07","Pflug",NA,NA
"LTFE_Duernast",2020,4768,"2019-11-07","Pflug",NA,NA
"LTFE_Duernast",2020,4769,"2019-11-07","Pflug",NA,NA
"LTFE_Duernast",2020,4770,"2019-11-07","Pflug",NA,NA
"LTFE_Duernast",2020,4771,"2019-11-07","Pflug",NA,NA
"LTFE_Duernast",2020,4772,"2019-11-07","Pflug",NA,NA
"LTFE_Duernast",2020,4773,"2019-11-07","Pflug",NA,NA
"LTFE_Duernast",2020,4774,"2019-11-07","Pflug",NA,NA
"LTFE_Duernast",2020,4775,"2019-11-07","Pflug",NA,NA
"LTFE_Duernast",2020,4776,"2019-11-07","Pflug",NA,NA
"LTFE_Duernast",2020,4777,"2019-11-07","Pflug",NA,NA
"LTFE_Duernast",2020,4778,"2019-11-07","Pflug",NA,NA
"LTFE_Duernast",2020,4779,"2019-11-07","Pflug",NA,NA
"LTFE_Duernast",2020,4780,"2019-11-07","Pflug",NA,NA
"LTFE_Duernast",2020,4781,"2019-11-07","Pflug",NA,NA
"LTFE_Duernast",2020,4782,"2019-11-07","Pflug",NA,NA
"LTFE_Duernast",2020,4783,"2019-11-07","Pflug",NA,NA
"LTFE_Duernast",2020,4784,"2019-11-07","Pflug",NA,NA
"LTFE_Duernast",2020,4785,"2019-11-07","Pflug",NA,NA
"LTFE_Duernast",2020,4786,"2019-11-07","Pflug",NA,NA
"LTFE_Duernast",2020,4787,"2019-11-07","Pflug",NA,NA
"LTFE_Duernast",2020,4788,"2019-11-07","Pflug",NA,NA
"LTFE_Duernast",2020,4789,"2019-11-07","Pflug",NA,NA
"LTFE_Duernast",2020,4790,"2019-11-07","Pflug",NA,NA
"LTFE_Duernast",2020,4791,"2019-11-07","Pflug",NA,NA
"LTFE_Duernast",2020,4792,"2019-11-07","Pflug",NA,NA
"LTFE_Duernast",2020,4793,"2019-11-07","Pflug",NA,NA
"LTFE_Duernast",2020,4794,"2019-11-07","Pflug",NA,NA
"LTFE_Duernast",2020,4795,"2019-11-07","Pflug",NA,NA
"LTFE_Duernast",2020,4796,"2019-11-07","Pflug",NA,NA
"LTFE_Duernast",2020,4797,"2019-11-07","Pflug",NA,NA
"LTFE_Duernast",2020,4798,"2019-11-07","Pflug",NA,NA
"LTFE_Duernast",2020,4799,"2019-11-07","Pflug",NA,NA
"LTFE_Duernast",2020,4800,"2019-11-07","Pflug",NA,NA
"LTFE_Duernast",2020,4801,"2020-03-30","Saatbettbereitung",NA,NA
"LTFE_Duernast",2020,4802,"2020-03-30","Saatbettbereitung",NA,NA
"LTFE_Duernast",2020,4803,"2020-03-30","Saatbettbereitung",NA,NA
"LTFE_Duernast",2020,4804,"2020-03-30","Saatbettbereitung",NA,NA
"LTFE_Duernast",2020,4805,"2020-03-30","Saatbettbereitung",NA,NA
"LTFE_Duernast",2020,4806,"2020-03-30","Saatbettbereitung",NA,NA
"LTFE_Duernast",2020,4807,"2020-03-30","Saatbettbereitung",NA,NA
"LTFE_Duernast",2020,4808,"2020-03-30","Saatbettbereitung",NA,NA
"LTFE_Duernast",2020,4809,"2020-03-30","Saatbettbereitung",NA,NA
"LTFE_Duernast",2020,4810,"2020-03-30","Saatbettbereitung",NA,NA
"LTFE_Duernast",2020,4811,"2020-03-30","Saatbettbereitung",NA,NA
"LTFE_Duernast",2020,4812,"2020-03-30","Saatbettbereitung",NA,NA
"LTFE_Duernast",2020,4813,"2020-03-30","Saatbettbereitung",NA,NA
"LTFE_Duernast",2020,4814,"2020-03-30","Saatbettbereitung",NA,NA
"LTFE_Duernast",2020,4815,"2020-03-30","Saatbettbereitung",NA,NA
"LTFE_Duernast",2020,4816,"2020-03-30","Saatbettbereitung",NA,NA
"LTFE_Duernast",2020,4817,"2020-03-30","Saatbettbereitung",NA,NA
"LTFE_Duernast",2020,4818,"2020-03-30","Saatbettbereitung",NA,NA
"LTFE_Duernast",2020,4819,"2020-03-30","Saatbettbereitung",NA,NA
"LTFE_Duernast",2020,4820,"2020-03-30","Saatbettbereitung",NA,NA
"LTFE_Duernast",2020,4821,"2020-03-30","Saatbettbereitung",NA,NA
"LTFE_Duernast",2020,4822,"2020-03-30","Saatbettbereitung",NA,NA
"LTFE_Duernast",2020,4823,"2020-03-30","Saatbettbereitung",NA,NA
"LTFE_Duernast",2020,4824,"2020-03-30","Saatbettbereitung",NA,NA
"LTFE_Duernast",2020,4825,"2020-03-30","Saatbettbereitung",NA,NA
"LTFE_Duernast",2020,4826,"2020-03-30","Saatbettbereitung",NA,NA
"LTFE_Duernast",2020,4827,"2020-03-30","Saatbettbereitung",NA,NA
"LTFE_Duernast",2020,4828,"2020-03-30","Saatbettbereitung",NA,NA
"LTFE_Duernast",2020,4829,"2020-03-30","Saatbettbereitung",NA,NA
"LTFE_Duernast",2020,4830,"2020-03-30","Saatbettbereitung",NA,NA
"LTFE_Duernast",2020,4831,"2020-03-30","Saatbettbereitung",NA,NA
"LTFE_Duernast",2020,4832,"2020-03-30","Saatbettbereitung",NA,NA
"LTFE_Duernast",2020,4833,"2020-03-30","Saatbettbereitung",NA,NA
"LTFE_Duernast",2020,4834,"2020-03-30","Saatbettbereitung",NA,NA
"LTFE_Duernast",2020,4835,"2020-03-30","Saatbettbereitung",NA,NA
"LTFE_Duernast",2020,4836,"2020-03-30","Saatbettbereitung",NA,NA
"LTFE_Duernast",2020,4837,"2020-03-30","Saatbettbereitung",NA,NA
"LTFE_Duernast",2020,4838,"2020-03-30","Saatbettbereitung",NA,NA
"LTFE_Duernast",2020,4839,"2020-03-30","Saatbettbereitung",NA,NA
"LTFE_Duernast",2020,4840,"2020-03-30","Saatbettbereitung",NA,NA
"LTFE_Duernast",2020,4841,"2020-03-30","Saatbettbereitung",NA,NA
"LTFE_Duernast",2020,4842,"2020-03-30","Saatbettbereitung",NA,NA
"LTFE_Duernast",2020,4843,"2020-03-30","Saatbettbereitung",NA,NA
"LTFE_Duernast",2020,4844,"2020-03-30","Saatbettbereitung",NA,NA
"LTFE_Duernast",2020,4845,"2020-03-30","Saatbettbereitung",NA,NA
"LTFE_Duernast",2020,4846,"2020-03-30","Saatbettbereitung",NA,NA
"LTFE_Duernast",2020,4847,"2020-03-30","Saatbettbereitung",NA,NA
"LTFE_Duernast",2020,4848,"2020-03-30","Saatbettbereitung",NA,NA
"LTFE_Duernast",2020,4849,"2020-03-30","Saatbettbereitung",NA,NA
"LTFE_Duernast",2020,4850,"2020-03-30","Saatbettbereitung",NA,NA
"LTFE_Duernast",2020,4851,"2020-03-30","Saatbettbereitung",NA,NA
"LTFE_Duernast",2020,4852,"2020-03-30","Saatbettbereitung",NA,NA
"LTFE_Duernast",2020,4853,"2020-03-30","Saatbettbereitung",NA,NA
"LTFE_Duernast",2020,4854,"2020-03-30","Saatbettbereitung",NA,NA
"LTFE_Duernast",2020,4855,"2020-03-30","Saatbettbereitung",NA,NA
"LTFE_Duernast",2020,4856,"2020-03-30","Saatbettbereitung",NA,NA
"LTFE_Duernast",2020,4857,"2020-03-30","Saatbettbereitung",NA,NA
"LTFE_Duernast",2020,4858,"2020-03-30","Saatbettbereitung",NA,NA
"LTFE_Duernast",2020,4859,"2020-03-30","Saatbettbereitung",NA,NA
"LTFE_Duernast",2020,4860,"2020-03-30","Saatbettbereitung",NA,NA
"LTFE_Duernast",2020,4861,"2020-03-30","Saatbettbereitung",NA,NA
"LTFE_Duernast",2020,4862,"2020-03-30","Saatbettbereitung",NA,NA
"LTFE_Duernast",2020,4863,"2020-03-30","Saatbettbereitung",NA,NA
"LTFE_Duernast",2020,4864,"2020-03-30","Saatbettbereitung",NA,NA
"LTFE_Duernast",2020,4865,"2020-08-25","Stoppelbearbeitung",NA,NA
"LTFE_Duernast",2020,4866,"2020-08-25","Stoppelbearbeitung",NA,NA
"LTFE_Duernast",2020,4867,"2020-08-25","Stoppelbearbeitung",NA,NA
"LTFE_Duernast",2020,4868,"2020-08-25","Stoppelbearbeitung",NA,NA
"LTFE_Duernast",2020,4869,"2020-08-25","Stoppelbearbeitung",NA,NA
"LTFE_Duernast",2020,4870,"2020-08-25","Stoppelbearbeitung",NA,NA
"LTFE_Duernast",2020,4871,"2020-08-25","Stoppelbearbeitung",NA,NA
"LTFE_Duernast",2020,4872,"2020-08-25","Stoppelbearbeitung",NA,NA
"LTFE_Duernast",2020,4873,"2020-08-25","Stoppelbearbeitung",NA,NA
"LTFE_Duernast",2020,4874,"2020-08-25","Stoppelbearbeitung",NA,NA
"LTFE_Duernast",2020,4875,"2020-08-25","Stoppelbearbeitung",NA,NA
"LTFE_Duernast",2020,4876,"2020-08-25","Stoppelbearbeitung",NA,NA
"LTFE_Duernast",2020,4877,"2020-08-25","Stoppelbearbeitung",NA,NA
"LTFE_Duernast",2020,4878,"2020-08-25","Stoppelbearbeitung",NA,NA
"LTFE_Duernast",2020,4879,"2020-08-25","Stoppelbearbeitung",NA,NA
"LTFE_Duernast",2020,4880,"2020-08-25","Stoppelbearbeitung",NA,NA
"LTFE_Duernast",2020,4881,"2020-08-25","Stoppelbearbeitung",NA,NA
"LTFE_Duernast",2020,4882,"2020-08-25","Stoppelbearbeitung",NA,NA
"LTFE_Duernast",2020,4883,"2020-08-25","Stoppelbearbeitung",NA,NA
"LTFE_Duernast",2020,4884,"2020-08-25","Stoppelbearbeitung",NA,NA
"LTFE_Duernast",2020,4885,"2020-08-25","Stoppelbearbeitung",NA,NA
"LTFE_Duernast",2020,4886,"2020-08-25","Stoppelbearbeitung",NA,NA
"LTFE_Duernast",2020,4887,"2020-08-25","Stoppelbearbeitung",NA,NA
"LTFE_Duernast",2020,4888,"2020-08-25","Stoppelbearbeitung",NA,NA
"LTFE_Duernast",2020,4889,"2020-08-25","Stoppelbearbeitung",NA,NA
"LTFE_Duernast",2020,4890,"2020-08-25","Stoppelbearbeitung",NA,NA
"LTFE_Duernast",2020,4891,"2020-08-25","Stoppelbearbeitung",NA,NA
"LTFE_Duernast",2020,4892,"2020-08-25","Stoppelbearbeitung",NA,NA
"LTFE_Duernast",2020,4893,"2020-08-25","Stoppelbearbeitung",NA,NA
"LTFE_Duernast",2020,4894,"2020-08-25","Stoppelbearbeitung",NA,NA
"LTFE_Duernast",2020,4895,"2020-08-25","Stoppelbearbeitung",NA,NA
"LTFE_Duernast",2020,4896,"2020-08-25","Stoppelbearbeitung",NA,NA
"LTFE_Duernast",2020,4897,"2020-08-25","Stoppelbearbeitung",NA,NA
"LTFE_Duernast",2020,4898,"2020-08-25","Stoppelbearbeitung",NA,NA
"LTFE_Duernast",2020,4899,"2020-08-25","Stoppelbearbeitung",NA,NA
"LTFE_Duernast",2020,4900,"2020-08-25","Stoppelbearbeitung",NA,NA
"LTFE_Duernast",2020,4901,"2020-08-25","Stoppelbearbeitung",NA,NA
"LTFE_Duernast",2020,4902,"2020-08-25","Stoppelbearbeitung",NA,NA
"LTFE_Duernast",2020,4903,"2020-08-25","Stoppelbearbeitung",NA,NA
"LTFE_Duernast",2020,4904,"2020-08-25","Stoppelbearbeitung",NA,NA
"LTFE_Duernast",2020,4905,"2020-08-25","Stoppelbearbeitung",NA,NA
"LTFE_Duernast",2020,4906,"2020-08-25","Stoppelbearbeitung",NA,NA
"LTFE_Duernast",2020,4907,"2020-08-25","Stoppelbearbeitung",NA,NA
"LTFE_Duernast",2020,4908,"2020-08-25","Stoppelbearbeitung",NA,NA
"LTFE_Duernast",2020,4909,"2020-08-25","Stoppelbearbeitung",NA,NA
"LTFE_Duernast",2020,4910,"2020-08-25","Stoppelbearbeitung",NA,NA
"LTFE_Duernast",2020,4911,"2020-08-25","Stoppelbearbeitung",NA,NA
"LTFE_Duernast",2020,4912,"2020-08-25","Stoppelbearbeitung",NA,NA
"LTFE_Duernast",2020,4913,"2020-08-25","Stoppelbearbeitung",NA,NA
"LTFE_Duernast",2020,4914,"2020-08-25","Stoppelbearbeitung",NA,NA
"LTFE_Duernast",2020,4915,"2020-08-25","Stoppelbearbeitung",NA,NA
"LTFE_Duernast",2020,4916,"2020-08-25","Stoppelbearbeitung",NA,NA
"LTFE_Duernast",2020,4917,"2020-08-25","Stoppelbearbeitung",NA,NA
"LTFE_Duernast",2020,4918,"2020-08-25","Stoppelbearbeitung",NA,NA
"LTFE_Duernast",2020,4919,"2020-08-25","Stoppelbearbeitung",NA,NA
"LTFE_Duernast",2020,4920,"2020-08-25","Stoppelbearbeitung",NA,NA
"LTFE_Duernast",2020,4921,"2020-08-25","Stoppelbearbeitung",NA,NA
"LTFE_Duernast",2020,4922,"2020-08-25","Stoppelbearbeitung",NA,NA
"LTFE_Duernast",2020,4923,"2020-08-25","Stoppelbearbeitung",NA,NA
"LTFE_Duernast",2020,4924,"2020-08-25","Stoppelbearbeitung",NA,NA
"LTFE_Duernast",2020,4925,"2020-08-25","Stoppelbearbeitung",NA,NA
"LTFE_Duernast",2020,4926,"2020-08-25","Stoppelbearbeitung",NA,NA
"LTFE_Duernast",2020,4927,"2020-08-25","Stoppelbearbeitung",NA,NA
"LTFE_Duernast",2020,4928,"2020-08-25","Stoppelbearbeitung",NA,NA
"LTFE_Duernast",2021,4929,"2020-09-14","Pflug",NA,NA
"LTFE_Duernast",2021,4930,"2020-09-14","Pflug",NA,NA
"LTFE_Duernast",2021,4931,"2020-09-14","Pflug",NA,NA
"LTFE_Duernast",2021,4932,"2020-09-14","Pflug",NA,NA
"LTFE_Duernast",2021,4933,"2020-09-14","Pflug",NA,NA
"LTFE_Duernast",2021,4934,"2020-09-14","Pflug",NA,NA
"LTFE_Duernast",2021,4935,"2020-09-14","Pflug",NA,NA
"LTFE_Duernast",2021,4936,"2020-09-14","Pflug",NA,NA
"LTFE_Duernast",2021,4937,"2020-09-14","Pflug",NA,NA
"LTFE_Duernast",2021,4938,"2020-09-14","Pflug",NA,NA
"LTFE_Duernast",2021,4939,"2020-09-14","Pflug",NA,NA
"LTFE_Duernast",2021,4940,"2020-09-14","Pflug",NA,NA
"LTFE_Duernast",2021,4941,"2020-09-14","Pflug",NA,NA
"LTFE_Duernast",2021,4942,"2020-09-14","Pflug",NA,NA
"LTFE_Duernast",2021,4943,"2020-09-14","Pflug",NA,NA
"LTFE_Duernast",2021,4944,"2020-09-14","Pflug",NA,NA
"LTFE_Duernast",2021,4945,"2020-09-14","Pflug",NA,NA
"LTFE_Duernast",2021,4946,"2020-09-14","Pflug",NA,NA
"LTFE_Duernast",2021,4947,"2020-09-14","Pflug",NA,NA
"LTFE_Duernast",2021,4948,"2020-09-14","Pflug",NA,NA
"LTFE_Duernast",2021,4949,"2020-09-14","Pflug",NA,NA
"LTFE_Duernast",2021,4950,"2020-09-14","Pflug",NA,NA
"LTFE_Duernast",2021,4951,"2020-09-14","Pflug",NA,NA
"LTFE_Duernast",2021,4952,"2020-09-14","Pflug",NA,NA
"LTFE_Duernast",2021,4953,"2020-09-14","Pflug",NA,NA
"LTFE_Duernast",2021,4954,"2020-09-14","Pflug",NA,NA
"LTFE_Duernast",2021,4955,"2020-09-14","Pflug",NA,NA
"LTFE_Duernast",2021,4956,"2020-09-14","Pflug",NA,NA
"LTFE_Duernast",2021,4957,"2020-09-14","Pflug",NA,NA
"LTFE_Duernast",2021,4958,"2020-09-14","Pflug",NA,NA
"LTFE_Duernast",2021,4959,"2020-09-14","Pflug",NA,NA
"LTFE_Duernast",2021,4960,"2020-09-14","Pflug",NA,NA
"LTFE_Duernast",2021,4961,"2020-09-14","Pflug",NA,NA
"LTFE_Duernast",2021,4962,"2020-09-14","Pflug",NA,NA
"LTFE_Duernast",2021,4963,"2020-09-14","Pflug",NA,NA
"LTFE_Duernast",2021,4964,"2020-09-14","Pflug",NA,NA
"LTFE_Duernast",2021,4965,"2020-09-14","Pflug",NA,NA
"LTFE_Duernast",2021,4966,"2020-09-14","Pflug",NA,NA
"LTFE_Duernast",2021,4967,"2020-09-14","Pflug",NA,NA
"LTFE_Duernast",2021,4968,"2020-09-14","Pflug",NA,NA
"LTFE_Duernast",2021,4969,"2020-09-14","Pflug",NA,NA
"LTFE_Duernast",2021,4970,"2020-09-14","Pflug",NA,NA
"LTFE_Duernast",2021,4971,"2020-09-14","Pflug",NA,NA
"LTFE_Duernast",2021,4972,"2020-09-14","Pflug",NA,NA
"LTFE_Duernast",2021,4973,"2020-09-14","Pflug",NA,NA
"LTFE_Duernast",2021,4974,"2020-09-14","Pflug",NA,NA
"LTFE_Duernast",2021,4975,"2020-09-14","Pflug",NA,NA
"LTFE_Duernast",2021,4976,"2020-09-14","Pflug",NA,NA
"LTFE_Duernast",2021,4977,"2020-09-14","Pflug",NA,NA
"LTFE_Duernast",2021,4978,"2020-09-14","Pflug",NA,NA
"LTFE_Duernast",2021,4979,"2020-09-14","Pflug",NA,NA
"LTFE_Duernast",2021,4980,"2020-09-14","Pflug",NA,NA
"LTFE_Duernast",2021,4981,"2020-09-14","Pflug",NA,NA
"LTFE_Duernast",2021,4982,"2020-09-14","Pflug",NA,NA
"LTFE_Duernast",2021,4983,"2020-09-14","Pflug",NA,NA
"LTFE_Duernast",2021,4984,"2020-09-14","Pflug",NA,NA
"LTFE_Duernast",2021,4985,"2020-09-14","Pflug",NA,NA
"LTFE_Duernast",2021,4986,"2020-09-14","Pflug",NA,NA
"LTFE_Duernast",2021,4987,"2020-09-14","Pflug",NA,NA
"LTFE_Duernast",2021,4988,"2020-09-14","Pflug",NA,NA
"LTFE_Duernast",2021,4989,"2020-09-14","Pflug",NA,NA
"LTFE_Duernast",2021,4990,"2020-09-14","Pflug",NA,NA
"LTFE_Duernast",2021,4991,"2020-09-14","Pflug",NA,NA
"LTFE_Duernast",2020,4992,"2020-09-14","Pflug",NA,NA
"LTFE_Duernast",2021,4993,"2020-09-16","Saatbettbereitung",NA,NA
"LTFE_Duernast",2021,4994,"2020-09-16","Saatbettbereitung",NA,NA
"LTFE_Duernast",2021,4995,"2020-09-16","Saatbettbereitung",NA,NA
"LTFE_Duernast",2021,4996,"2020-09-16","Saatbettbereitung",NA,NA
"LTFE_Duernast",2021,4997,"2020-09-16","Saatbettbereitung",NA,NA
"LTFE_Duernast",2021,4998,"2020-09-16","Saatbettbereitung",NA,NA
"LTFE_Duernast",2021,4999,"2020-09-16","Saatbettbereitung",NA,NA
"LTFE_Duernast",2021,5000,"2020-09-16","Saatbettbereitung",NA,NA
"LTFE_Duernast",2021,5001,"2020-09-16","Saatbettbereitung",NA,NA
"LTFE_Duernast",2021,5002,"2020-09-16","Saatbettbereitung",NA,NA
"LTFE_Duernast",2021,5003,"2020-09-16","Saatbettbereitung",NA,NA
"LTFE_Duernast",2021,5004,"2020-09-16","Saatbettbereitung",NA,NA
"LTFE_Duernast",2021,5005,"2020-09-16","Saatbettbereitung",NA,NA
"LTFE_Duernast",2021,5006,"2020-09-16","Saatbettbereitung",NA,NA
"LTFE_Duernast",2021,5007,"2020-09-16","Saatbettbereitung",NA,NA
"LTFE_Duernast",2021,5008,"2020-09-16","Saatbettbereitung",NA,NA
"LTFE_Duernast",2021,5009,"2020-09-16","Saatbettbereitung",NA,NA
"LTFE_Duernast",2021,5010,"2020-09-16","Saatbettbereitung",NA,NA
"LTFE_Duernast",2021,5011,"2020-09-16","Saatbettbereitung",NA,NA
"LTFE_Duernast",2021,5012,"2020-09-16","Saatbettbereitung",NA,NA
"LTFE_Duernast",2021,5013,"2020-09-16","Saatbettbereitung",NA,NA
"LTFE_Duernast",2021,5014,"2020-09-16","Saatbettbereitung",NA,NA
"LTFE_Duernast",2021,5015,"2020-09-16","Saatbettbereitung",NA,NA
"LTFE_Duernast",2021,5016,"2020-09-16","Saatbettbereitung",NA,NA
"LTFE_Duernast",2021,5017,"2020-09-16","Saatbettbereitung",NA,NA
"LTFE_Duernast",2021,5018,"2020-09-16","Saatbettbereitung",NA,NA
"LTFE_Duernast",2021,5019,"2020-09-16","Saatbettbereitung",NA,NA
"LTFE_Duernast",2021,5020,"2020-09-16","Saatbettbereitung",NA,NA
"LTFE_Duernast",2021,5021,"2020-09-16","Saatbettbereitung",NA,NA
"LTFE_Duernast",2021,5022,"2020-09-16","Saatbettbereitung",NA,NA
"LTFE_Duernast",2021,5023,"2020-09-16","Saatbettbereitung",NA,NA
"LTFE_Duernast",2021,5024,"2020-09-16","Saatbettbereitung",NA,NA
"LTFE_Duernast",2021,5025,"2020-09-16","Saatbettbereitung",NA,NA
"LTFE_Duernast",2021,5026,"2020-09-16","Saatbettbereitung",NA,NA
"LTFE_Duernast",2021,5027,"2020-09-16","Saatbettbereitung",NA,NA
"LTFE_Duernast",2021,5028,"2020-09-16","Saatbettbereitung",NA,NA
"LTFE_Duernast",2021,5029,"2020-09-16","Saatbettbereitung",NA,NA
"LTFE_Duernast",2021,5030,"2020-09-16","Saatbettbereitung",NA,NA
"LTFE_Duernast",2021,5031,"2020-09-16","Saatbettbereitung",NA,NA
"LTFE_Duernast",2021,5032,"2020-09-16","Saatbettbereitung",NA,NA
"LTFE_Duernast",2021,5033,"2020-09-16","Saatbettbereitung",NA,NA
"LTFE_Duernast",2021,5034,"2020-09-16","Saatbettbereitung",NA,NA
"LTFE_Duernast",2021,5035,"2020-09-16","Saatbettbereitung",NA,NA
"LTFE_Duernast",2021,5036,"2020-09-16","Saatbettbereitung",NA,NA
"LTFE_Duernast",2021,5037,"2020-09-16","Saatbettbereitung",NA,NA
"LTFE_Duernast",2021,5038,"2020-09-16","Saatbettbereitung",NA,NA
"LTFE_Duernast",2021,5039,"2020-09-16","Saatbettbereitung",NA,NA
"LTFE_Duernast",2021,5040,"2020-09-16","Saatbettbereitung",NA,NA
"LTFE_Duernast",2021,5041,"2020-09-16","Saatbettbereitung",NA,NA
"LTFE_Duernast",2021,5042,"2020-09-16","Saatbettbereitung",NA,NA
"LTFE_Duernast",2021,5043,"2020-09-16","Saatbettbereitung",NA,NA
"LTFE_Duernast",2021,5044,"2020-09-16","Saatbettbereitung",NA,NA
"LTFE_Duernast",2021,5045,"2020-09-16","Saatbettbereitung",NA,NA
"LTFE_Duernast",2021,5046,"2020-09-16","Saatbettbereitung",NA,NA
"LTFE_Duernast",2021,5047,"2020-09-16","Saatbettbereitung",NA,NA
"LTFE_Duernast",2021,5048,"2020-09-16","Saatbettbereitung",NA,NA
"LTFE_Duernast",2021,5049,"2020-09-16","Saatbettbereitung",NA,NA
"LTFE_Duernast",2021,5050,"2020-09-16","Saatbettbereitung",NA,NA
"LTFE_Duernast",2021,5051,"2020-09-16","Saatbettbereitung",NA,NA
"LTFE_Duernast",2021,5052,"2020-09-16","Saatbettbereitung",NA,NA
"LTFE_Duernast",2021,5053,"2020-09-16","Saatbettbereitung",NA,NA
"LTFE_Duernast",2021,5054,"2020-09-16","Saatbettbereitung",NA,NA
"LTFE_Duernast",2021,5055,"2020-09-16","Saatbettbereitung",NA,NA
"LTFE_Duernast",2021,5056,"2020-09-16","Saatbettbereitung",NA,NA
"LTFE_Duernast",2022,5057,"2021-11-23","Pflug",NA,NA
"LTFE_Duernast",2022,5058,"2021-11-23","Pflug",NA,NA
"LTFE_Duernast",2022,5059,"2021-11-23","Pflug",NA,NA
"LTFE_Duernast",2022,5060,"2021-11-23","Pflug",NA,NA
"LTFE_Duernast",2022,5061,"2021-11-23","Pflug",NA,NA
"LTFE_Duernast",2022,5062,"2021-11-23","Pflug",NA,NA
"LTFE_Duernast",2022,5063,"2021-11-23","Pflug",NA,NA
"LTFE_Duernast",2022,5064,"2021-11-23","Pflug",NA,NA
"LTFE_Duernast",2022,5065,"2021-11-23","Pflug",NA,NA
"LTFE_Duernast",2022,5066,"2021-11-23","Pflug",NA,NA
"LTFE_Duernast",2022,5067,"2021-11-23","Pflug",NA,NA
"LTFE_Duernast",2022,5068,"2021-11-23","Pflug",NA,NA
"LTFE_Duernast",2022,5069,"2021-11-23","Pflug",NA,NA
"LTFE_Duernast",2022,5070,"2021-11-23","Pflug",NA,NA
"LTFE_Duernast",2022,5071,"2021-11-23","Pflug",NA,NA
"LTFE_Duernast",2022,5072,"2021-11-23","Pflug",NA,NA
"LTFE_Duernast",2022,5073,"2021-11-23","Pflug",NA,NA
"LTFE_Duernast",2022,5074,"2021-11-23","Pflug",NA,NA
"LTFE_Duernast",2022,5075,"2021-11-23","Pflug",NA,NA
"LTFE_Duernast",2022,5076,"2021-11-23","Pflug",NA,NA
"LTFE_Duernast",2022,5077,"2021-11-23","Pflug",NA,NA
"LTFE_Duernast",2022,5078,"2021-11-23","Pflug",NA,NA
"LTFE_Duernast",2022,5079,"2021-11-23","Pflug",NA,NA
"LTFE_Duernast",2022,5080,"2021-11-23","Pflug",NA,NA
"LTFE_Duernast",2022,5081,"2021-11-23","Pflug",NA,NA
"LTFE_Duernast",2022,5082,"2021-11-23","Pflug",NA,NA
"LTFE_Duernast",2022,5083,"2021-11-23","Pflug",NA,NA
"LTFE_Duernast",2022,5084,"2021-11-23","Pflug",NA,NA
"LTFE_Duernast",2022,5085,"2021-11-23","Pflug",NA,NA
"LTFE_Duernast",2022,5086,"2021-11-23","Pflug",NA,NA
"LTFE_Duernast",2022,5087,"2021-11-23","Pflug",NA,NA
"LTFE_Duernast",2022,5088,"2021-11-23","Pflug",NA,NA
"LTFE_Duernast",2022,5089,"2021-11-23","Pflug",NA,NA
"LTFE_Duernast",2022,5090,"2021-11-23","Pflug",NA,NA
"LTFE_Duernast",2022,5091,"2021-11-23","Pflug",NA,NA
"LTFE_Duernast",2022,5092,"2021-11-23","Pflug",NA,NA
"LTFE_Duernast",2022,5093,"2021-11-23","Pflug",NA,NA
"LTFE_Duernast",2022,5094,"2021-11-23","Pflug",NA,NA
"LTFE_Duernast",2022,5095,"2021-11-23","Pflug",NA,NA
"LTFE_Duernast",2022,5096,"2021-11-23","Pflug",NA,NA
"LTFE_Duernast",2022,5097,"2021-11-23","Pflug",NA,NA
"LTFE_Duernast",2022,5098,"2021-11-23","Pflug",NA,NA
"LTFE_Duernast",2022,5099,"2021-11-23","Pflug",NA,NA
"LTFE_Duernast",2022,5100,"2021-11-23","Pflug",NA,NA
"LTFE_Duernast",2022,5101,"2021-11-23","Pflug",NA,NA
"LTFE_Duernast",2022,5102,"2021-11-23","Pflug",NA,NA
"LTFE_Duernast",2022,5103,"2021-11-23","Pflug",NA,NA
"LTFE_Duernast",2022,5104,"2021-11-23","Pflug",NA,NA
"LTFE_Duernast",2022,5105,"2021-11-23","Pflug",NA,NA
"LTFE_Duernast",2022,5106,"2021-11-23","Pflug",NA,NA
"LTFE_Duernast",2022,5107,"2021-11-23","Pflug",NA,NA
"LTFE_Duernast",2022,5108,"2021-11-23","Pflug",NA,NA
"LTFE_Duernast",2022,5109,"2021-11-23","Pflug",NA,NA
"LTFE_Duernast",2022,5110,"2021-11-23","Pflug",NA,NA
"LTFE_Duernast",2022,5111,"2021-11-23","Pflug",NA,NA
"LTFE_Duernast",2022,5112,"2021-11-23","Pflug",NA,NA
"LTFE_Duernast",2022,5113,"2021-11-23","Pflug",NA,NA
"LTFE_Duernast",2022,5114,"2021-11-23","Pflug",NA,NA
"LTFE_Duernast",2022,5115,"2021-11-23","Pflug",NA,NA
"LTFE_Duernast",2022,5116,"2021-11-23","Pflug",NA,NA
"LTFE_Duernast",2022,5117,"2021-11-23","Pflug",NA,NA
"LTFE_Duernast",2022,5118,"2021-11-23","Pflug",NA,NA
"LTFE_Duernast",2022,5119,"2021-11-23","Pflug",NA,NA
"LTFE_Duernast",2022,5120,"2021-11-23","Pflug",NA,NA
"LTFE_Duernast",2022,5121,"2022-05-02","Saatbettbereitung",NA,NA
"LTFE_Duernast",2022,5122,"2022-05-02","Saatbettbereitung",NA,NA
"LTFE_Duernast",2022,5123,"2022-05-02","Saatbettbereitung",NA,NA
"LTFE_Duernast",2022,5124,"2022-05-02","Saatbettbereitung",NA,NA
"LTFE_Duernast",2022,5125,"2022-05-02","Saatbettbereitung",NA,NA
"LTFE_Duernast",2022,5126,"2022-05-02","Saatbettbereitung",NA,NA
"LTFE_Duernast",2022,5127,"2022-05-02","Saatbettbereitung",NA,NA
"LTFE_Duernast",2022,5128,"2022-05-02","Saatbettbereitung",NA,NA
"LTFE_Duernast",2022,5129,"2022-05-02","Saatbettbereitung",NA,NA
"LTFE_Duernast",2022,5130,"2022-05-02","Saatbettbereitung",NA,NA
"LTFE_Duernast",2022,5131,"2022-05-02","Saatbettbereitung",NA,NA
"LTFE_Duernast",2022,5132,"2022-05-02","Saatbettbereitung",NA,NA
"LTFE_Duernast",2022,5133,"2022-05-02","Saatbettbereitung",NA,NA
"LTFE_Duernast",2022,5134,"2022-05-02","Saatbettbereitung",NA,NA
"LTFE_Duernast",2022,5135,"2022-05-02","Saatbettbereitung",NA,NA
"LTFE_Duernast",2022,5136,"2022-05-02","Saatbettbereitung",NA,NA
"LTFE_Duernast",2022,5137,"2022-05-02","Saatbettbereitung",NA,NA
"LTFE_Duernast",2022,5138,"2022-05-02","Saatbettbereitung",NA,NA
"LTFE_Duernast",2022,5139,"2022-05-02","Saatbettbereitung",NA,NA
"LTFE_Duernast",2022,5140,"2022-05-02","Saatbettbereitung",NA,NA
"LTFE_Duernast",2022,5141,"2022-05-02","Saatbettbereitung",NA,NA
"LTFE_Duernast",2022,5142,"2022-05-02","Saatbettbereitung",NA,NA
"LTFE_Duernast",2022,5143,"2022-05-02","Saatbettbereitung",NA,NA
"LTFE_Duernast",2022,5144,"2022-05-02","Saatbettbereitung",NA,NA
"LTFE_Duernast",2022,5145,"2022-05-02","Saatbettbereitung",NA,NA
"LTFE_Duernast",2022,5146,"2022-05-02","Saatbettbereitung",NA,NA
"LTFE_Duernast",2022,5147,"2022-05-02","Saatbettbereitung",NA,NA
"LTFE_Duernast",2022,5148,"2022-05-02","Saatbettbereitung",NA,NA
"LTFE_Duernast",2022,5149,"2022-05-02","Saatbettbereitung",NA,NA
"LTFE_Duernast",2022,5150,"2022-05-02","Saatbettbereitung",NA,NA
"LTFE_Duernast",2022,5151,"2022-05-02","Saatbettbereitung",NA,NA
"LTFE_Duernast",2022,5152,"2022-05-02","Saatbettbereitung",NA,NA
"LTFE_Duernast",2022,5153,"2022-05-02","Saatbettbereitung",NA,NA
"LTFE_Duernast",2022,5154,"2022-05-02","Saatbettbereitung",NA,NA
"LTFE_Duernast",2022,5155,"2022-05-02","Saatbettbereitung",NA,NA
"LTFE_Duernast",2022,5156,"2022-05-02","Saatbettbereitung",NA,NA
"LTFE_Duernast",2022,5157,"2022-05-02","Saatbettbereitung",NA,NA
"LTFE_Duernast",2022,5158,"2022-05-02","Saatbettbereitung",NA,NA
"LTFE_Duernast",2022,5159,"2022-05-02","Saatbettbereitung",NA,NA
"LTFE_Duernast",2022,5160,"2022-05-02","Saatbettbereitung",NA,NA
"LTFE_Duernast",2022,5161,"2022-05-02","Saatbettbereitung",NA,NA
"LTFE_Duernast",2022,5162,"2022-05-02","Saatbettbereitung",NA,NA
"LTFE_Duernast",2022,5163,"2022-05-02","Saatbettbereitung",NA,NA
"LTFE_Duernast",2022,5164,"2022-05-02","Saatbettbereitung",NA,NA
"LTFE_Duernast",2022,5165,"2022-05-02","Saatbettbereitung",NA,NA
"LTFE_Duernast",2022,5166,"2022-05-02","Saatbettbereitung",NA,NA
"LTFE_Duernast",2022,5167,"2022-05-02","Saatbettbereitung",NA,NA
"LTFE_Duernast",2022,5168,"2022-05-02","Saatbettbereitung",NA,NA
"LTFE_Duernast",2022,5169,"2022-05-02","Saatbettbereitung",NA,NA
"LTFE_Duernast",2022,5170,"2022-05-02","Saatbettbereitung",NA,NA
"LTFE_Duernast",2022,5171,"2022-05-02","Saatbettbereitung",NA,NA
"LTFE_Duernast",2022,5172,"2022-05-02","Saatbettbereitung",NA,NA
"LTFE_Duernast",2022,5173,"2022-05-02","Saatbettbereitung",NA,NA
"LTFE_Duernast",2022,5174,"2022-05-02","Saatbettbereitung",NA,NA
"LTFE_Duernast",2022,5175,"2022-05-02","Saatbettbereitung",NA,NA
"LTFE_Duernast",2022,5176,"2022-05-02","Saatbettbereitung",NA,NA
"LTFE_Duernast",2022,5177,"2022-05-02","Saatbettbereitung",NA,NA
"LTFE_Duernast",2022,5178,"2022-05-02","Saatbettbereitung",NA,NA
"LTFE_Duernast",2022,5179,"2022-05-02","Saatbettbereitung",NA,NA
"LTFE_Duernast",2022,5180,"2022-05-02","Saatbettbereitung",NA,NA
"LTFE_Duernast",2022,5181,"2022-05-02","Saatbettbereitung",NA,NA
"LTFE_Duernast",2022,5182,"2022-05-02","Saatbettbereitung",NA,NA
"LTFE_Duernast",2022,5183,"2022-05-02","Saatbettbereitung",NA,NA
"LTFE_Duernast",2022,5184,"2022-05-02","Saatbettbereitung",NA,NA
