"experiment_id","experiment_year","treatment_number","treatment_name","plot_id","plot_geocoord_x","plot_geocoord_y","plot_geocoord_system","replicate_number","crop_id","genotype_level","planting_level","irrigation_level","fertilization_level","org_materials_applic_lev","chemical_applic_level","tillage_level","harvest_operations_level","treatment_comments"
"LTFE_Duernast",2015,15,"15",1,4477223.878,5362876.753,"GK",1,"WHT",13,3585,NA,12801,NA,20865,4289,3169,"Kontrolle, keine Düngung"
"LTFE_Duernast",2015,15,"15",2,4477223.21,5362880.723,"GK",1,"WHT",13,3586,NA,12802,NA,20866,4290,3170,"Kontrolle, keine Düngung"
"LTFE_Duernast",2015,1,"1",3,4477222.539,5362884.698,"GK",2,"WHT",13,3587,NA,12803,NA,20867,4291,3171,"Düngung niedrig, Harnstoff"
"LTFE_Duernast",2015,8,"8",4,4477221.863,5362888.676,"GK",2,"WHT",13,3588,NA,12804,NA,20868,4292,3172,"Düngung hoch, Harnstoff"
"LTFE_Duernast",2015,2,"2",5,4477221.183,5362892.666,"GK",3,"WHT",13,3589,NA,12805,NA,20869,4293,3173,"Düngung niedrig, Ammoniumsulfatsalpeter"
"LTFE_Duernast",2015,9,"9",6,4477220.505,5362896.656,"GK",3,"WHT",13,3590,NA,12806,NA,20870,4294,3174,"Düngung hoch, Ammoniumsulfatsalpeter"
"LTFE_Duernast",2015,3,"3",7,4477219.846,5362900.613,"GK",4,"WHT",13,3591,NA,12807,NA,20871,4295,3175,"Düngung niedrig, Ammonium-Sulfat mit Inhibitor"
"LTFE_Duernast",2015,10,"10",8,4477219.16,5362904.623,"GK",4,"WHT",13,3592,NA,12808,NA,20872,4296,3176,"Düngung hoch, Ammonium-Sulfat mit Inhibitor"
"LTFE_Duernast",2015,4,"4",9,4477215.976,5362875.403,"GK",1,"WHT",13,3593,NA,12809,NA,20873,4297,3177,"Düngung niedrig, Kalkammonsalpeter 1"
"LTFE_Duernast",2015,11,"11",10,4477215.305,5362879.388,"GK",1,"WHT",13,3594,NA,12810,NA,20874,4298,3178,"Düngung hoch, Kalkammonsalpeter 1"
"LTFE_Duernast",2015,5,"5",11,4477214.638,5362883.371,"GK",2,"WHT",13,3595,NA,12811,NA,20875,4299,3179,"Düngung niedrig, Kalkstickstoff"
"LTFE_Duernast",2015,12,"12",12,4477213.961,5362887.357,"GK",2,"WHT",13,3596,NA,12812,NA,20876,4300,3180,"Düngung hoch, Kalkstickstoff"
"LTFE_Duernast",2015,6,"6",13,4477213.284,5362891.333,"GK",3,"WHT",13,3597,NA,12813,NA,20877,4301,3181,"Düngung niedrig, Ammonium-Nitrat-Harnstoff-Lösung"
"LTFE_Duernast",2015,13,"13",14,4477212.627,5362895.322,"GK",3,"WHT",13,3598,NA,12814,NA,20878,4302,3182,"Düngung hoch, Ammonium-Nitrat-Harnstoff-Lösung"
"LTFE_Duernast",2015,7,"7",15,4477211.968,5362899.278,"GK",4,"WHT",13,3599,NA,12815,NA,20879,4303,3183,"Düngung niedrig, Kalkammonsalpeter 2"
"LTFE_Duernast",2015,14,"14",16,4477211.282,5362903.288,"GK",4,"WHT",13,3600,NA,12816,NA,20880,4304,3184,"Düngung hoch, Kalkammonsalpeter 2"
"LTFE_Duernast",2015,1,"1",17,4477208.074,5362874.079,"GK",1,"WHT",13,3601,NA,12817,NA,20881,4305,3185,"Düngung niedrig, Harnstoff"
"LTFE_Duernast",2015,8,"8",18,4477207.419,5362878.064,"GK",1,"WHT",13,3602,NA,12818,NA,20882,4306,3186,"Düngung hoch, Harnstoff"
"LTFE_Duernast",2015,2,"2",19,4477206.752,5362882.047,"GK",2,"WHT",13,3603,NA,12819,NA,20883,4307,3187,"Düngung niedrig, Ammoniumsulfatsalpeter"
"LTFE_Duernast",2015,9,"9",20,4477206.067,5362886.033,"GK",2,"WHT",13,3604,NA,12820,NA,20884,4308,3188,"Düngung hoch, Ammoniumsulfatsalpeter"
"LTFE_Duernast",2015,3,"3",21,4477205.414,5362890.009,"GK",3,"WHT",13,3605,NA,12821,NA,20885,4309,3189,"Düngung niedrig, Ammonium-Sulfat mit Inhibitor"
"LTFE_Duernast",2015,10,"10",22,4477204.757,5362893.998,"GK",3,"WHT",13,3606,NA,12822,NA,20886,4310,3190,"Düngung hoch, Ammonium-Sulfat mit Inhibitor"
"LTFE_Duernast",2015,15,"15",23,4477204.098,5362897.954,"GK",4,"WHT",13,3607,NA,12823,NA,20887,4311,3191,"Kontrolle, keine Düngung"
"LTFE_Duernast",2015,15,"15",24,4477203.412,5362901.964,"GK",4,"WHT",13,3608,NA,12824,NA,20888,4312,3192,"Kontrolle, keine Düngung"
"LTFE_Duernast",2015,5,"5",25,4477200.186,5362872.762,"GK",1,"WHT",13,3609,NA,12825,NA,20889,4313,3193,"Düngung niedrig, Kalkstickstoff"
"LTFE_Duernast",2015,12,"12",26,4477199.5,5362876.748,"GK",1,"WHT",13,3610,NA,12826,NA,20890,4314,3194,"Düngung hoch, Kalkstickstoff"
"LTFE_Duernast",2015,6,"6",27,4477198.856,5362880.722,"GK",2,"WHT",13,3611,NA,12827,NA,20891,4315,3195,"Düngung niedrig, Ammonium-Nitrat-Harnstoff-Lösung"
"LTFE_Duernast",2015,13,"13",28,4477198.171,5362884.708,"GK",2,"WHT",13,3612,NA,12828,NA,20892,4316,3196,"Düngung hoch, Ammonium-Nitrat-Harnstoff-Lösung"
"LTFE_Duernast",2015,7,"7",29,4477197.533,5362888.668,"GK",3,"WHT",13,3613,NA,12829,NA,20893,4317,3197,"Düngung niedrig, Kalkammonsalpeter 2"
"LTFE_Duernast",2015,14,"14",30,4477196.877,5362892.673,"GK",3,"WHT",13,3614,NA,12830,NA,20894,4318,3198,"Düngung hoch, Kalkammonsalpeter 2"
"LTFE_Duernast",2015,4,"4",31,4477196.218,5362896.629,"GK",4,"WHT",13,3615,NA,12831,NA,20895,4319,3199,"Düngung niedrig, Kalkammonsalpeter 1"
"LTFE_Duernast",2015,11,"11",32,4477195.532,5362900.639,"GK",4,"WHT",13,3616,NA,12832,NA,20896,4320,3200,"Düngung hoch, Kalkammonsalpeter 1"
"LTFE_Duernast",2015,2,"2",33,4477192.281,5362871.438,"GK",1,"WHT",13,3617,NA,12833,NA,20897,4321,3201,"Düngung niedrig, Ammoniumsulfatsalpeter"
"LTFE_Duernast",2015,9,"9",34,4477191.618,5362875.419,"GK",1,"WHT",13,3618,NA,12834,NA,20898,4322,3202,"Düngung hoch, Ammoniumsulfatsalpeter"
"LTFE_Duernast",2015,3,"3",35,4477190.967,5362879.399,"GK",2,"WHT",13,3619,NA,12835,NA,20899,4323,3203,"Düngung niedrig, Ammonium-Sulfat mit Inhibitor"
"LTFE_Duernast",2015,10,"10",36,4477190.282,5362883.377,"GK",2,"WHT",13,3620,NA,12836,NA,20900,4324,3204,"Düngung hoch, Ammonium-Sulfat mit Inhibitor"
"LTFE_Duernast",2015,15,"15",37,4477189.66,5362887.336,"GK",3,"WHT",13,3621,NA,12837,NA,20901,4325,3205,"Kontrolle, keine Düngung"
"LTFE_Duernast",2015,15,"15",38,4477189.004,5362891.341,"GK",3,"WHT",13,3622,NA,12838,NA,20902,4326,3206,"Kontrolle, keine Düngung"
"LTFE_Duernast",2015,1,"1",39,4477188.345,5362895.298,"GK",4,"WHT",13,3623,NA,12839,NA,20903,4327,3207,"Düngung niedrig, Harnstoff"
"LTFE_Duernast",2015,8,"8",40,4477187.659,5362899.308,"GK",4,"WHT",13,3624,NA,12840,NA,20904,4328,3208,"Düngung hoch, Harnstoff"
"LTFE_Duernast",2015,6,"6",41,4477184.388,5362870.112,"GK",1,"WHT",13,3625,NA,12841,NA,20905,4329,3209,"Düngung niedrig, Ammonium-Nitrat-Harnstoff-Lösung"
"LTFE_Duernast",2015,13,"13",42,4477183.734,5362874.104,"GK",1,"WHT",13,3626,NA,12842,NA,20906,4330,3210,"Düngung hoch, Ammonium-Nitrat-Harnstoff-Lösung"
"LTFE_Duernast",2015,7,"7",43,4477183.065,5362878.064,"GK",2,"WHT",13,3627,NA,12843,NA,20907,4331,3211,"Düngung niedrig, Kalkammonsalpeter 2"
"LTFE_Duernast",2015,14,"14",44,4477182.404,5362882.035,"GK",2,"WHT",13,3628,NA,12844,NA,20908,4332,3212,"Düngung hoch, Kalkammonsalpeter 2"
"LTFE_Duernast",2015,4,"4",45,4477181.791,5362886.018,"GK",3,"WHT",13,3629,NA,12845,NA,20909,4333,3213,"Düngung niedrig, Kalkammonsalpeter 1"
"LTFE_Duernast",2015,11,"11",46,4477181.134,5362890.023,"GK",3,"WHT",13,3630,NA,12846,NA,20910,4334,3214,"Düngung hoch, Kalkammonsalpeter 1"
"LTFE_Duernast",2015,5,"5",47,4477180.475,5362893.979,"GK",4,"WHT",13,3631,NA,12847,NA,20911,4335,3215,"Düngung niedrig, Kalkstickstoff"
"LTFE_Duernast",2015,12,"12",48,4477179.789,5362897.989,"GK",4,"WHT",13,3632,NA,12848,NA,20912,4336,3216,"Düngung hoch, Kalkstickstoff"
"LTFE_Duernast",2015,3,"3",49,4477176.548,5362868.781,"GK",1,"WHT",13,3633,NA,12849,NA,20913,4337,3217,"Düngung niedrig, Ammonium-Sulfat mit Inhibitor"
"LTFE_Duernast",2015,10,"10",50,4477175.879,5362872.762,"GK",1,"WHT",13,3634,NA,12850,NA,20914,4338,3218,"Düngung hoch, Ammonium-Sulfat mit Inhibitor"
"LTFE_Duernast",2015,15,"15",51,4477175.235,5362876.684,"GK",2,"WHT",13,3635,NA,12851,NA,20915,4339,3219,"Kontrolle, keine Düngung"
"LTFE_Duernast",2015,15,"15",52,4477174.548,5362880.712,"GK",2,"WHT",13,3636,NA,12852,NA,20916,4340,3220,"Kontrolle, keine Düngung"
"LTFE_Duernast",2015,1,"1",53,4477173.903,5362884.679,"GK",3,"WHT",13,3637,NA,12853,NA,20917,4341,3221,"Düngung niedrig, Harnstoff"
"LTFE_Duernast",2015,8,"8",54,4477173.247,5362888.684,"GK",3,"WHT",13,3638,NA,12854,NA,20918,4342,3222,"Düngung hoch, Harnstoff"
"LTFE_Duernast",2015,2,"2",55,4477172.587,5362892.641,"GK",4,"WHT",13,3639,NA,12855,NA,20919,4343,3223,"Düngung niedrig, Ammoniumsulfatsalpeter"
"LTFE_Duernast",2015,9,"9",56,4477171.901,5362896.651,"GK",4,"WHT",13,3640,NA,12856,NA,20920,4344,3224,"Düngung hoch, Ammoniumsulfatsalpeter"
"LTFE_Duernast",2015,7,"7",57,4477168.657,5362867.468,"GK",1,"WHT",13,3641,NA,12857,NA,20921,4345,3225,"Düngung niedrig, Kalkammonsalpeter 2"
"LTFE_Duernast",2015,14,"14",58,4477167.991,5362871.434,"GK",1,"WHT",13,3642,NA,12858,NA,20922,4346,3226,"Düngung hoch, Kalkammonsalpeter 2"
"LTFE_Duernast",2015,4,"4",59,4477167.318,5362875.394,"GK",2,"WHT",13,3643,NA,12859,NA,20923,4347,3227,"Düngung niedrig, Kalkammonsalpeter 1"
"LTFE_Duernast",2015,11,"11",60,4477166.665,5362879.372,"GK",2,"WHT",13,3644,NA,12860,NA,20924,4348,3228,"Düngung hoch, Kalkammonsalpeter 1"
"LTFE_Duernast",2015,5,"5",61,4477166.011,5362883.364,"GK",3,"WHT",13,3645,NA,12861,NA,20925,4349,3229,"Düngung niedrig, Kalkstickstoff"
"LTFE_Duernast",2015,12,"12",62,4477165.355,5362887.369,"GK",3,"WHT",13,3646,NA,12862,NA,20926,4350,3230,"Düngung hoch, Kalkstickstoff"
"LTFE_Duernast",2015,6,"6",63,4477164.695,5362891.325,"GK",4,"WHT",13,3647,NA,12863,NA,20927,4351,3231,"Düngung niedrig, Ammonium-Nitrat-Harnstoff-Lösung"
"LTFE_Duernast",2015,13,"13",64,4477164.01,5362895.335,"GK",4,"WHT",13,3648,NA,12864,NA,20928,4352,3232,"Düngung hoch, Ammonium-Nitrat-Harnstoff-Lösung"
"LTFE_Duernast",2016,15,"15",1,4477223.878,5362876.753,"GK",1,"MAZ",1,3649,NA,12993,NA,21185,4353,3233,"Kontrolle, keine Düngung"
"LTFE_Duernast",2016,15,"15",2,4477223.21,5362880.723,"GK",1,"MAZ",1,3650,NA,12994,NA,21186,4354,3234,"Kontrolle, keine Düngung"
"LTFE_Duernast",2016,1,"1",3,4477222.539,5362884.698,"GK",2,"MAZ",1,3651,NA,12995,NA,21187,4355,3235,"Düngung niedrig, Harnstoff"
"LTFE_Duernast",2016,8,"8",4,4477221.863,5362888.676,"GK",2,"MAZ",1,3652,NA,12996,NA,21188,4356,3236,"Düngung hoch, Harnstoff"
"LTFE_Duernast",2016,2,"2",5,4477221.183,5362892.666,"GK",3,"MAZ",1,3653,NA,12997,NA,21189,4357,3237,"Düngung niedrig, Ammoniumsulfatsalpeter"
"LTFE_Duernast",2016,9,"9",6,4477220.505,5362896.656,"GK",3,"MAZ",1,3654,NA,12998,NA,21190,4358,3238,"Düngung hoch, Ammoniumsulfatsalpeter"
"LTFE_Duernast",2016,3,"3",7,4477219.846,5362900.613,"GK",4,"MAZ",1,3655,NA,12999,NA,21191,4359,3239,"Düngung niedrig, Ammonium-Sulfat mit Inhibitor"
"LTFE_Duernast",2016,10,"10",8,4477219.16,5362904.623,"GK",4,"MAZ",1,3656,NA,13000,NA,21192,4360,3240,"Düngung hoch, Ammonium-Sulfat mit Inhibitor"
"LTFE_Duernast",2016,4,"4",9,4477215.976,5362875.403,"GK",1,"MAZ",1,3657,NA,13001,NA,21193,4361,3241,"Düngung niedrig, Kalkammonsalpeter 1"
"LTFE_Duernast",2016,11,"11",10,4477215.305,5362879.388,"GK",1,"MAZ",1,3658,NA,13002,NA,21194,4362,3242,"Düngung hoch, Kalkammonsalpeter 1"
"LTFE_Duernast",2016,5,"5",11,4477214.638,5362883.371,"GK",2,"MAZ",1,3659,NA,13003,NA,21195,4363,3243,"Düngung niedrig, Kalkstickstoff"
"LTFE_Duernast",2016,12,"12",12,4477213.961,5362887.357,"GK",2,"MAZ",1,3660,NA,13004,NA,21196,4364,3244,"Düngung hoch, Kalkstickstoff"
"LTFE_Duernast",2016,6,"6",13,4477213.284,5362891.333,"GK",3,"MAZ",1,3661,NA,13005,NA,21197,4365,3245,"Düngung niedrig, Ammonium-Nitrat-Harnstoff-Lösung"
"LTFE_Duernast",2016,13,"13",14,4477212.627,5362895.322,"GK",3,"MAZ",1,3662,NA,13006,NA,21198,4366,3246,"Düngung hoch, Ammonium-Nitrat-Harnstoff-Lösung"
"LTFE_Duernast",2016,7,"7",15,4477211.968,5362899.278,"GK",4,"MAZ",1,3663,NA,13007,NA,21199,4367,3247,"Düngung niedrig, Kalkammonsalpeter 2"
"LTFE_Duernast",2016,14,"14",16,4477211.282,5362903.288,"GK",4,"MAZ",1,3664,NA,13008,NA,21200,4368,3248,"Düngung hoch, Kalkammonsalpeter 2"
"LTFE_Duernast",2016,1,"1",17,4477208.074,5362874.079,"GK",1,"MAZ",1,3665,NA,13009,NA,21201,4369,3249,"Düngung niedrig, Harnstoff"
"LTFE_Duernast",2016,8,"8",18,4477207.419,5362878.064,"GK",1,"MAZ",1,3666,NA,13010,NA,21202,4370,3250,"Düngung hoch, Harnstoff"
"LTFE_Duernast",2016,2,"2",19,4477206.752,5362882.047,"GK",2,"MAZ",1,3667,NA,13011,NA,21203,4371,3251,"Düngung niedrig, Ammoniumsulfatsalpeter"
"LTFE_Duernast",2016,9,"9",20,4477206.067,5362886.033,"GK",2,"MAZ",1,3668,NA,13012,NA,21204,4372,3252,"Düngung hoch, Ammoniumsulfatsalpeter"
"LTFE_Duernast",2016,3,"3",21,4477205.414,5362890.009,"GK",3,"MAZ",1,3669,NA,13013,NA,21205,4373,3253,"Düngung niedrig, Ammonium-Sulfat mit Inhibitor"
"LTFE_Duernast",2016,10,"10",22,4477204.757,5362893.998,"GK",3,"MAZ",1,3670,NA,13014,NA,21206,4374,3254,"Düngung hoch, Ammonium-Sulfat mit Inhibitor"
"LTFE_Duernast",2016,15,"15",23,4477204.098,5362897.954,"GK",4,"MAZ",1,3671,NA,13015,NA,21207,4375,3255,"Kontrolle, keine Düngung"
"LTFE_Duernast",2016,15,"15",24,4477203.412,5362901.964,"GK",4,"MAZ",1,3672,NA,13016,NA,21208,4376,3256,"Kontrolle, keine Düngung"
"LTFE_Duernast",2016,5,"5",25,4477200.186,5362872.762,"GK",1,"MAZ",1,3673,NA,13017,NA,21209,4377,3257,"Düngung niedrig, Kalkstickstoff"
"LTFE_Duernast",2016,12,"12",26,4477199.5,5362876.748,"GK",1,"MAZ",1,3674,NA,13018,NA,21210,4378,3258,"Düngung hoch, Kalkstickstoff"
"LTFE_Duernast",2016,6,"6",27,4477198.856,5362880.722,"GK",2,"MAZ",1,3675,NA,13019,NA,21211,4379,3259,"Düngung niedrig, Ammonium-Nitrat-Harnstoff-Lösung"
"LTFE_Duernast",2016,13,"13",28,4477198.171,5362884.708,"GK",2,"MAZ",1,3676,NA,13020,NA,21212,4380,3260,"Düngung hoch, Ammonium-Nitrat-Harnstoff-Lösung"
"LTFE_Duernast",2016,7,"7",29,4477197.533,5362888.668,"GK",3,"MAZ",1,3677,NA,13021,NA,21213,4381,3261,"Düngung niedrig, Kalkammonsalpeter 2"
"LTFE_Duernast",2016,14,"14",30,4477196.877,5362892.673,"GK",3,"MAZ",1,3678,NA,13022,NA,21214,4382,3262,"Düngung hoch, Kalkammonsalpeter 2"
"LTFE_Duernast",2016,4,"4",31,4477196.218,5362896.629,"GK",4,"MAZ",1,3679,NA,13023,NA,21215,4383,3263,"Düngung niedrig, Kalkammonsalpeter 1"
"LTFE_Duernast",2016,11,"11",32,4477195.532,5362900.639,"GK",4,"MAZ",1,3680,NA,13024,NA,21216,4384,3264,"Düngung hoch, Kalkammonsalpeter 1"
"LTFE_Duernast",2016,2,"2",33,4477192.281,5362871.438,"GK",1,"MAZ",1,3681,NA,13025,NA,21217,4385,3265,"Düngung niedrig, Ammoniumsulfatsalpeter"
"LTFE_Duernast",2016,9,"9",34,4477191.618,5362875.419,"GK",1,"MAZ",1,3682,NA,13026,NA,21218,4386,3266,"Düngung hoch, Ammoniumsulfatsalpeter"
"LTFE_Duernast",2016,3,"3",35,4477190.967,5362879.399,"GK",2,"MAZ",1,3683,NA,13027,NA,21219,4387,3267,"Düngung niedrig, Ammonium-Sulfat mit Inhibitor"
"LTFE_Duernast",2016,10,"10",36,4477190.282,5362883.377,"GK",2,"MAZ",1,3684,NA,13028,NA,21220,4388,3268,"Düngung hoch, Ammonium-Sulfat mit Inhibitor"
"LTFE_Duernast",2016,15,"15",37,4477189.66,5362887.336,"GK",3,"MAZ",1,3685,NA,13029,NA,21221,4389,3269,"Kontrolle, keine Düngung"
"LTFE_Duernast",2016,15,"15",38,4477189.004,5362891.341,"GK",3,"MAZ",1,3686,NA,13030,NA,21222,4390,3270,"Kontrolle, keine Düngung"
"LTFE_Duernast",2016,1,"1",39,4477188.345,5362895.298,"GK",4,"MAZ",1,3687,NA,13031,NA,21223,4391,3271,"Düngung niedrig, Harnstoff"
"LTFE_Duernast",2016,8,"8",40,4477187.659,5362899.308,"GK",4,"MAZ",1,3688,NA,13032,NA,21224,4392,3272,"Düngung hoch, Harnstoff"
"LTFE_Duernast",2016,6,"6",41,4477184.388,5362870.112,"GK",1,"MAZ",1,3689,NA,13033,NA,21225,4393,3273,"Düngung niedrig, Ammonium-Nitrat-Harnstoff-Lösung"
"LTFE_Duernast",2016,13,"13",42,4477183.734,5362874.104,"GK",1,"MAZ",1,3690,NA,13034,NA,21226,4394,3274,"Düngung hoch, Ammonium-Nitrat-Harnstoff-Lösung"
"LTFE_Duernast",2016,7,"7",43,4477183.065,5362878.064,"GK",2,"MAZ",1,3691,NA,13035,NA,21227,4395,3275,"Düngung niedrig, Kalkammonsalpeter 2"
"LTFE_Duernast",2016,14,"14",44,4477182.404,5362882.035,"GK",2,"MAZ",1,3692,NA,13036,NA,21228,4396,3276,"Düngung hoch, Kalkammonsalpeter 2"
"LTFE_Duernast",2016,4,"4",45,4477181.791,5362886.018,"GK",3,"MAZ",1,3693,NA,13037,NA,21229,4397,3277,"Düngung niedrig, Kalkammonsalpeter 1"
"LTFE_Duernast",2016,11,"11",46,4477181.134,5362890.023,"GK",3,"MAZ",1,3694,NA,13038,NA,21230,4398,3278,"Düngung hoch, Kalkammonsalpeter 1"
"LTFE_Duernast",2016,5,"5",47,4477180.475,5362893.979,"GK",4,"MAZ",1,3695,NA,13039,NA,21231,4399,3279,"Düngung niedrig, Kalkstickstoff"
"LTFE_Duernast",2016,12,"12",48,4477179.789,5362897.989,"GK",4,"MAZ",1,3696,NA,13040,NA,21232,4400,3280,"Düngung hoch, Kalkstickstoff"
"LTFE_Duernast",2016,3,"3",49,4477176.548,5362868.781,"GK",1,"MAZ",1,3697,NA,13041,NA,21233,4401,3281,"Düngung niedrig, Ammonium-Sulfat mit Inhibitor"
"LTFE_Duernast",2016,10,"10",50,4477175.879,5362872.762,"GK",1,"MAZ",1,3698,NA,13042,NA,21234,4402,3282,"Düngung hoch, Ammonium-Sulfat mit Inhibitor"
"LTFE_Duernast",2016,15,"15",51,4477175.235,5362876.684,"GK",2,"MAZ",1,3699,NA,13043,NA,21235,4403,3283,"Kontrolle, keine Düngung"
"LTFE_Duernast",2016,15,"15",52,4477174.548,5362880.712,"GK",2,"MAZ",1,3700,NA,13044,NA,21236,4404,3284,"Kontrolle, keine Düngung"
"LTFE_Duernast",2016,1,"1",53,4477173.903,5362884.679,"GK",3,"MAZ",1,3701,NA,13045,NA,21237,4405,3285,"Düngung niedrig, Harnstoff"
"LTFE_Duernast",2016,8,"8",54,4477173.247,5362888.684,"GK",3,"MAZ",1,3702,NA,13046,NA,21238,4406,3286,"Düngung hoch, Harnstoff"
"LTFE_Duernast",2016,2,"2",55,4477172.587,5362892.641,"GK",4,"MAZ",1,3703,NA,13047,NA,21239,4407,3287,"Düngung niedrig, Ammoniumsulfatsalpeter"
"LTFE_Duernast",2016,9,"9",56,4477171.901,5362896.651,"GK",4,"MAZ",1,3704,NA,13048,NA,21240,4408,3288,"Düngung hoch, Ammoniumsulfatsalpeter"
"LTFE_Duernast",2016,7,"7",57,4477168.657,5362867.468,"GK",1,"MAZ",1,3705,NA,13049,NA,21241,4409,3289,"Düngung niedrig, Kalkammonsalpeter 2"
"LTFE_Duernast",2016,14,"14",58,4477167.991,5362871.434,"GK",1,"MAZ",1,3706,NA,13050,NA,21242,4410,3290,"Düngung hoch, Kalkammonsalpeter 2"
"LTFE_Duernast",2016,4,"4",59,4477167.318,5362875.394,"GK",2,"MAZ",1,3707,NA,13051,NA,21243,4411,3291,"Düngung niedrig, Kalkammonsalpeter 1"
"LTFE_Duernast",2016,11,"11",60,4477166.665,5362879.372,"GK",2,"MAZ",1,3708,NA,13052,NA,21244,4412,3292,"Düngung hoch, Kalkammonsalpeter 1"
"LTFE_Duernast",2016,5,"5",61,4477166.011,5362883.364,"GK",3,"MAZ",1,3709,NA,13053,NA,21245,4413,3293,"Düngung niedrig, Kalkstickstoff"
"LTFE_Duernast",2016,12,"12",62,4477165.355,5362887.369,"GK",3,"MAZ",1,3710,NA,13054,NA,21246,4414,3294,"Düngung hoch, Kalkstickstoff"
"LTFE_Duernast",2016,6,"6",63,4477164.695,5362891.325,"GK",4,"MAZ",1,3711,NA,13055,NA,21247,4415,3295,"Düngung niedrig, Ammonium-Nitrat-Harnstoff-Lösung"
"LTFE_Duernast",2016,13,"13",64,4477164.01,5362895.335,"GK",4,"MAZ",1,3712,NA,13056,NA,21248,4416,3296,"Düngung hoch, Ammonium-Nitrat-Harnstoff-Lösung"
"LTFE_Duernast",2017,15,"15",1,4477223.878,5362876.753,"GK",1,"WHT",2,3713,NA,13121,NA,21377,4417,3297,"Kontrolle, keine Düngung"
"LTFE_Duernast",2017,15,"15",2,4477223.21,5362880.723,"GK",1,"WHT",2,3714,NA,13122,NA,21378,4418,3298,"Kontrolle, keine Düngung"
"LTFE_Duernast",2017,1,"1",3,4477222.539,5362884.698,"GK",2,"WHT",2,3715,NA,13123,NA,21379,4419,3299,"Düngung niedrig, Harnstoff"
"LTFE_Duernast",2017,8,"8",4,4477221.863,5362888.676,"GK",2,"WHT",2,3716,NA,13124,NA,21380,4420,3300,"Düngung hoch, Harnstoff"
"LTFE_Duernast",2017,2,"2",5,4477221.183,5362892.666,"GK",3,"WHT",2,3717,NA,13125,NA,21381,4421,3301,"Düngung niedrig, Ammoniumsulfatsalpeter"
"LTFE_Duernast",2017,9,"9",6,4477220.505,5362896.656,"GK",3,"WHT",2,3718,NA,13126,NA,21382,4422,3302,"Düngung hoch, Ammoniumsulfatsalpeter"
"LTFE_Duernast",2017,3,"3",7,4477219.846,5362900.613,"GK",4,"WHT",2,3719,NA,13127,NA,21383,4423,3303,"Düngung niedrig, Ammonium-Sulfat mit Inhibitor"
"LTFE_Duernast",2017,10,"10",8,4477219.16,5362904.623,"GK",4,"WHT",2,3720,NA,13128,NA,21384,4424,3304,"Düngung hoch, Ammonium-Sulfat mit Inhibitor"
"LTFE_Duernast",2017,4,"4",9,4477215.976,5362875.403,"GK",1,"WHT",2,3721,NA,13129,NA,21385,4425,3305,"Düngung niedrig, Kalkammonsalpeter 1"
"LTFE_Duernast",2017,11,"11",10,4477215.305,5362879.388,"GK",1,"WHT",2,3722,NA,13130,NA,21386,4426,3306,"Düngung hoch, Kalkammonsalpeter 1"
"LTFE_Duernast",2017,5,"5",11,4477214.638,5362883.371,"GK",2,"WHT",2,3723,NA,13131,NA,21387,4427,3307,"Düngung niedrig, Kalkstickstoff"
"LTFE_Duernast",2017,12,"12",12,4477213.961,5362887.357,"GK",2,"WHT",2,3724,NA,13132,NA,21388,4428,3308,"Düngung hoch, Kalkstickstoff"
"LTFE_Duernast",2017,6,"6",13,4477213.284,5362891.333,"GK",3,"WHT",2,3725,NA,13133,NA,21389,4429,3309,"Düngung niedrig, Ammonium-Nitrat-Harnstoff-Lösung"
"LTFE_Duernast",2017,13,"13",14,4477212.627,5362895.322,"GK",3,"WHT",2,3726,NA,13134,NA,21390,4430,3310,"Düngung hoch, Ammonium-Nitrat-Harnstoff-Lösung"
"LTFE_Duernast",2017,7,"7",15,4477211.968,5362899.278,"GK",4,"WHT",2,3727,NA,13135,NA,21391,4431,3311,"Düngung niedrig, Kalkammonsalpeter 2"
"LTFE_Duernast",2017,14,"14",16,4477211.282,5362903.288,"GK",4,"WHT",2,3728,NA,13136,NA,21392,4432,3312,"Düngung hoch, Kalkammonsalpeter 2"
"LTFE_Duernast",2017,1,"1",17,4477208.074,5362874.079,"GK",1,"WHT",2,3729,NA,13137,NA,21393,4433,3313,"Düngung niedrig, Harnstoff"
"LTFE_Duernast",2017,8,"8",18,4477207.419,5362878.064,"GK",1,"WHT",2,3730,NA,13138,NA,21394,4434,3314,"Düngung hoch, Harnstoff"
"LTFE_Duernast",2017,2,"2",19,4477206.752,5362882.047,"GK",2,"WHT",2,3731,NA,13139,NA,21395,4435,3315,"Düngung niedrig, Ammoniumsulfatsalpeter"
"LTFE_Duernast",2017,9,"9",20,4477206.067,5362886.033,"GK",2,"WHT",2,3732,NA,13140,NA,21396,4436,3316,"Düngung hoch, Ammoniumsulfatsalpeter"
"LTFE_Duernast",2017,3,"3",21,4477205.414,5362890.009,"GK",3,"WHT",2,3733,NA,13141,NA,21397,4437,3317,"Düngung niedrig, Ammonium-Sulfat mit Inhibitor"
"LTFE_Duernast",2017,10,"10",22,4477204.757,5362893.998,"GK",3,"WHT",2,3734,NA,13142,NA,21398,4438,3318,"Düngung hoch, Ammonium-Sulfat mit Inhibitor"
"LTFE_Duernast",2017,15,"15",23,4477204.098,5362897.954,"GK",4,"WHT",2,3735,NA,13143,NA,21399,4439,3319,"Kontrolle, keine Düngung"
"LTFE_Duernast",2017,15,"15",24,4477203.412,5362901.964,"GK",4,"WHT",2,3736,NA,13144,NA,21400,4440,3320,"Kontrolle, keine Düngung"
"LTFE_Duernast",2017,5,"5",25,4477200.186,5362872.762,"GK",1,"WHT",2,3737,NA,13145,NA,21401,4441,3321,"Düngung niedrig, Kalkstickstoff"
"LTFE_Duernast",2017,12,"12",26,4477199.5,5362876.748,"GK",1,"WHT",2,3738,NA,13146,NA,21402,4442,3322,"Düngung hoch, Kalkstickstoff"
"LTFE_Duernast",2017,6,"6",27,4477198.856,5362880.722,"GK",2,"WHT",2,3739,NA,13147,NA,21403,4443,3323,"Düngung niedrig, Ammonium-Nitrat-Harnstoff-Lösung"
"LTFE_Duernast",2017,13,"13",28,4477198.171,5362884.708,"GK",2,"WHT",2,3740,NA,13148,NA,21404,4444,3324,"Düngung hoch, Ammonium-Nitrat-Harnstoff-Lösung"
"LTFE_Duernast",2017,7,"7",29,4477197.533,5362888.668,"GK",3,"WHT",2,3741,NA,13149,NA,21405,4445,3325,"Düngung niedrig, Kalkammonsalpeter 2"
"LTFE_Duernast",2017,14,"14",30,4477196.877,5362892.673,"GK",3,"WHT",2,3742,NA,13150,NA,21406,4446,3326,"Düngung hoch, Kalkammonsalpeter 2"
"LTFE_Duernast",2017,4,"4",31,4477196.218,5362896.629,"GK",4,"WHT",2,3743,NA,13151,NA,21407,4447,3327,"Düngung niedrig, Kalkammonsalpeter 1"
"LTFE_Duernast",2017,11,"11",32,4477195.532,5362900.639,"GK",4,"WHT",2,3744,NA,13152,NA,21408,4448,3328,"Düngung hoch, Kalkammonsalpeter 1"
"LTFE_Duernast",2017,2,"2",33,4477192.281,5362871.438,"GK",1,"WHT",2,3745,NA,13153,NA,21409,4449,3329,"Düngung niedrig, Ammoniumsulfatsalpeter"
"LTFE_Duernast",2017,9,"9",34,4477191.618,5362875.419,"GK",1,"WHT",2,3746,NA,13154,NA,21410,4450,3330,"Düngung hoch, Ammoniumsulfatsalpeter"
"LTFE_Duernast",2017,3,"3",35,4477190.967,5362879.399,"GK",2,"WHT",2,3747,NA,13155,NA,21411,4451,3331,"Düngung niedrig, Ammonium-Sulfat mit Inhibitor"
"LTFE_Duernast",2017,10,"10",36,4477190.282,5362883.377,"GK",2,"WHT",2,3748,NA,13156,NA,21412,4452,3332,"Düngung hoch, Ammonium-Sulfat mit Inhibitor"
"LTFE_Duernast",2017,15,"15",37,4477189.66,5362887.336,"GK",3,"WHT",2,3749,NA,13157,NA,21413,4453,3333,"Kontrolle, keine Düngung"
"LTFE_Duernast",2017,15,"15",38,4477189.004,5362891.341,"GK",3,"WHT",2,3750,NA,13158,NA,21414,4454,3334,"Kontrolle, keine Düngung"
"LTFE_Duernast",2017,1,"1",39,4477188.345,5362895.298,"GK",4,"WHT",2,3751,NA,13159,NA,21415,4455,3335,"Düngung niedrig, Harnstoff"
"LTFE_Duernast",2017,8,"8",40,4477187.659,5362899.308,"GK",4,"WHT",2,3752,NA,13160,NA,21416,4456,3336,"Düngung hoch, Harnstoff"
"LTFE_Duernast",2017,6,"6",41,4477184.388,5362870.112,"GK",1,"WHT",2,3753,NA,13161,NA,21417,4457,3337,"Düngung niedrig, Ammonium-Nitrat-Harnstoff-Lösung"
"LTFE_Duernast",2017,13,"13",42,4477183.734,5362874.104,"GK",1,"WHT",2,3754,NA,13162,NA,21418,4458,3338,"Düngung hoch, Ammonium-Nitrat-Harnstoff-Lösung"
"LTFE_Duernast",2017,7,"7",43,4477183.065,5362878.064,"GK",2,"WHT",2,3755,NA,13163,NA,21419,4459,3339,"Düngung niedrig, Kalkammonsalpeter 2"
"LTFE_Duernast",2017,14,"14",44,4477182.404,5362882.035,"GK",2,"WHT",2,3756,NA,13164,NA,21420,4460,3340,"Düngung hoch, Kalkammonsalpeter 2"
"LTFE_Duernast",2017,4,"4",45,4477181.791,5362886.018,"GK",3,"WHT",2,3757,NA,13165,NA,21421,4461,3341,"Düngung niedrig, Kalkammonsalpeter 1"
"LTFE_Duernast",2017,11,"11",46,4477181.134,5362890.023,"GK",3,"WHT",2,3758,NA,13166,NA,21422,4462,3342,"Düngung hoch, Kalkammonsalpeter 1"
"LTFE_Duernast",2017,5,"5",47,4477180.475,5362893.979,"GK",4,"WHT",2,3759,NA,13167,NA,21423,4463,3343,"Düngung niedrig, Kalkstickstoff"
"LTFE_Duernast",2017,12,"12",48,4477179.789,5362897.989,"GK",4,"WHT",2,3760,NA,13168,NA,21424,4464,3344,"Düngung hoch, Kalkstickstoff"
"LTFE_Duernast",2017,3,"3",49,4477176.548,5362868.781,"GK",1,"WHT",2,3761,NA,13169,NA,21425,4465,3345,"Düngung niedrig, Ammonium-Sulfat mit Inhibitor"
"LTFE_Duernast",2017,10,"10",50,4477175.879,5362872.762,"GK",1,"WHT",2,3762,NA,13170,NA,21426,4466,3346,"Düngung hoch, Ammonium-Sulfat mit Inhibitor"
"LTFE_Duernast",2017,15,"15",51,4477175.235,5362876.684,"GK",2,"WHT",2,3763,NA,13171,NA,21427,4467,3347,"Kontrolle, keine Düngung"
"LTFE_Duernast",2017,15,"15",52,4477174.548,5362880.712,"GK",2,"WHT",2,3764,NA,13172,NA,21428,4468,3348,"Kontrolle, keine Düngung"
"LTFE_Duernast",2017,1,"1",53,4477173.903,5362884.679,"GK",3,"WHT",2,3765,NA,13173,NA,21429,4469,3349,"Düngung niedrig, Harnstoff"
"LTFE_Duernast",2017,8,"8",54,4477173.247,5362888.684,"GK",3,"WHT",2,3766,NA,13174,NA,21430,4470,3350,"Düngung hoch, Harnstoff"
"LTFE_Duernast",2017,2,"2",55,4477172.587,5362892.641,"GK",4,"WHT",2,3767,NA,13175,NA,21431,4471,3351,"Düngung niedrig, Ammoniumsulfatsalpeter"
"LTFE_Duernast",2017,9,"9",56,4477171.901,5362896.651,"GK",4,"WHT",2,3768,NA,13176,NA,21432,4472,3352,"Düngung hoch, Ammoniumsulfatsalpeter"
"LTFE_Duernast",2017,7,"7",57,4477168.657,5362867.468,"GK",1,"WHT",2,3769,NA,13177,NA,21433,4473,3353,"Düngung niedrig, Kalkammonsalpeter 2"
"LTFE_Duernast",2017,14,"14",58,4477167.991,5362871.434,"GK",1,"WHT",2,3770,NA,13178,NA,21434,4474,3354,"Düngung hoch, Kalkammonsalpeter 2"
"LTFE_Duernast",2017,4,"4",59,4477167.318,5362875.394,"GK",2,"WHT",2,3771,NA,13179,NA,21435,4475,3355,"Düngung niedrig, Kalkammonsalpeter 1"
"LTFE_Duernast",2017,11,"11",60,4477166.665,5362879.372,"GK",2,"WHT",2,3772,NA,13180,NA,21436,4476,3356,"Düngung hoch, Kalkammonsalpeter 1"
"LTFE_Duernast",2017,5,"5",61,4477166.011,5362883.364,"GK",3,"WHT",2,3773,NA,13181,NA,21437,4477,3357,"Düngung niedrig, Kalkstickstoff"
"LTFE_Duernast",2017,12,"12",62,4477165.355,5362887.369,"GK",3,"WHT",2,3774,NA,13182,NA,21438,4478,3358,"Düngung hoch, Kalkstickstoff"
"LTFE_Duernast",2017,6,"6",63,4477164.695,5362891.325,"GK",4,"WHT",2,3775,NA,13183,NA,21439,4479,3359,"Düngung niedrig, Ammonium-Nitrat-Harnstoff-Lösung"
"LTFE_Duernast",2017,13,"13",64,4477164.01,5362895.335,"GK",4,"WHT",2,3776,NA,13184,NA,21440,4480,3360,"Düngung hoch, Ammonium-Nitrat-Harnstoff-Lösung"
"LTFE_Duernast",2018,15,"15",1,4477223.878,5362876.753,"GK",1,NA,35,3777,NA,13313,NA,21953,NA,3361,"Kontrolle, keine Düngung"
"LTFE_Duernast",2018,15,"15",2,4477223.21,5362880.723,"GK",1,NA,35,3778,NA,13314,NA,21954,NA,3362,"Kontrolle, keine Düngung"
"LTFE_Duernast",2018,1,"1",3,4477222.539,5362884.698,"GK",2,NA,35,3779,NA,13315,NA,21955,NA,3363,"Düngung niedrig, Harnstoff"
"LTFE_Duernast",2018,8,"8",4,4477221.863,5362888.676,"GK",2,NA,35,3780,NA,13316,NA,21956,NA,3364,"Düngung hoch, Harnstoff"
"LTFE_Duernast",2018,2,"2",5,4477221.183,5362892.666,"GK",3,NA,35,3781,NA,13317,NA,21957,NA,3365,"Düngung niedrig, Ammoniumsulfatsalpeter"
"LTFE_Duernast",2018,9,"9",6,4477220.505,5362896.656,"GK",3,NA,35,3782,NA,13318,NA,21958,NA,3366,"Düngung hoch, Ammoniumsulfatsalpeter"
"LTFE_Duernast",2018,3,"3",7,4477219.846,5362900.613,"GK",4,NA,35,3783,NA,13319,NA,21959,NA,3367,"Düngung niedrig, Ammonium-Sulfat mit Inhibitor"
"LTFE_Duernast",2018,10,"10",8,4477219.16,5362904.623,"GK",4,NA,35,3784,NA,13320,NA,21960,NA,3368,"Düngung hoch, Ammonium-Sulfat mit Inhibitor"
"LTFE_Duernast",2018,4,"4",9,4477215.976,5362875.403,"GK",1,NA,35,3785,NA,13321,NA,21961,NA,3369,"Düngung niedrig, Kalkammonsalpeter 1"
"LTFE_Duernast",2018,11,"11",10,4477215.305,5362879.388,"GK",1,NA,35,3786,NA,13322,NA,21962,NA,3370,"Düngung hoch, Kalkammonsalpeter 1"
"LTFE_Duernast",2018,5,"5",11,4477214.638,5362883.371,"GK",2,NA,35,3787,NA,13323,NA,21963,NA,3371,"Düngung niedrig, Kalkstickstoff"
"LTFE_Duernast",2018,12,"12",12,4477213.961,5362887.357,"GK",2,NA,35,3788,NA,13324,NA,21964,NA,3372,"Düngung hoch, Kalkstickstoff"
"LTFE_Duernast",2018,6,"6",13,4477213.284,5362891.333,"GK",3,NA,35,3789,NA,13325,NA,21965,NA,3373,"Düngung niedrig, Ammonium-Nitrat-Harnstoff-Lösung"
"LTFE_Duernast",2018,13,"13",14,4477212.627,5362895.322,"GK",3,NA,35,3790,NA,13326,NA,21966,NA,3374,"Düngung hoch, Ammonium-Nitrat-Harnstoff-Lösung"
"LTFE_Duernast",2018,7,"7",15,4477211.968,5362899.278,"GK",4,NA,35,3791,NA,13327,NA,21967,NA,3375,"Düngung niedrig, Kalkammonsalpeter 2"
"LTFE_Duernast",2018,14,"14",16,4477211.282,5362903.288,"GK",4,NA,35,3792,NA,13328,NA,21968,NA,3376,"Düngung hoch, Kalkammonsalpeter 2"
"LTFE_Duernast",2018,1,"1",17,4477208.074,5362874.079,"GK",1,NA,35,3793,NA,13329,NA,21969,NA,3377,"Düngung niedrig, Harnstoff"
"LTFE_Duernast",2018,8,"8",18,4477207.419,5362878.064,"GK",1,NA,35,3794,NA,13330,NA,21970,NA,3378,"Düngung hoch, Harnstoff"
"LTFE_Duernast",2018,2,"2",19,4477206.752,5362882.047,"GK",2,NA,35,3795,NA,13331,NA,21971,NA,3379,"Düngung niedrig, Ammoniumsulfatsalpeter"
"LTFE_Duernast",2018,9,"9",20,4477206.067,5362886.033,"GK",2,NA,35,3796,NA,13332,NA,21972,NA,3380,"Düngung hoch, Ammoniumsulfatsalpeter"
"LTFE_Duernast",2018,3,"3",21,4477205.414,5362890.009,"GK",3,NA,35,3797,NA,13333,NA,21973,NA,3381,"Düngung niedrig, Ammonium-Sulfat mit Inhibitor"
"LTFE_Duernast",2018,10,"10",22,4477204.757,5362893.998,"GK",3,NA,35,3798,NA,13334,NA,21974,NA,3382,"Düngung hoch, Ammonium-Sulfat mit Inhibitor"
"LTFE_Duernast",2018,15,"15",23,4477204.098,5362897.954,"GK",4,NA,35,3799,NA,13335,NA,21975,NA,3383,"Kontrolle, keine Düngung"
"LTFE_Duernast",2018,15,"15",24,4477203.412,5362901.964,"GK",4,NA,35,3800,NA,13336,NA,21976,NA,3384,"Kontrolle, keine Düngung"
"LTFE_Duernast",2018,5,"5",25,4477200.186,5362872.762,"GK",1,NA,35,3801,NA,13337,NA,21977,NA,3385,"Düngung niedrig, Kalkstickstoff"
"LTFE_Duernast",2018,12,"12",26,4477199.5,5362876.748,"GK",1,NA,35,3802,NA,13338,NA,21978,NA,3386,"Düngung hoch, Kalkstickstoff"
"LTFE_Duernast",2018,6,"6",27,4477198.856,5362880.722,"GK",2,NA,35,3803,NA,13339,NA,21979,NA,3387,"Düngung niedrig, Ammonium-Nitrat-Harnstoff-Lösung"
"LTFE_Duernast",2018,13,"13",28,4477198.171,5362884.708,"GK",2,NA,35,3804,NA,13340,NA,21980,NA,3388,"Düngung hoch, Ammonium-Nitrat-Harnstoff-Lösung"
"LTFE_Duernast",2018,7,"7",29,4477197.533,5362888.668,"GK",3,NA,35,3805,NA,13341,NA,21981,NA,3389,"Düngung niedrig, Kalkammonsalpeter 2"
"LTFE_Duernast",2018,14,"14",30,4477196.877,5362892.673,"GK",3,NA,35,3806,NA,13342,NA,21982,NA,3390,"Düngung hoch, Kalkammonsalpeter 2"
"LTFE_Duernast",2018,4,"4",31,4477196.218,5362896.629,"GK",4,NA,35,3807,NA,13343,NA,21983,NA,3391,"Düngung niedrig, Kalkammonsalpeter 1"
"LTFE_Duernast",2018,11,"11",32,4477195.532,5362900.639,"GK",4,NA,35,3808,NA,13344,NA,21984,NA,3392,"Düngung hoch, Kalkammonsalpeter 1"
"LTFE_Duernast",2018,2,"2",33,4477192.281,5362871.438,"GK",1,NA,35,3809,NA,13345,NA,21985,NA,3393,"Düngung niedrig, Ammoniumsulfatsalpeter"
"LTFE_Duernast",2018,9,"9",34,4477191.618,5362875.419,"GK",1,NA,35,3810,NA,13346,NA,21986,NA,3394,"Düngung hoch, Ammoniumsulfatsalpeter"
"LTFE_Duernast",2018,3,"3",35,4477190.967,5362879.399,"GK",2,NA,35,3811,NA,13347,NA,21987,NA,3395,"Düngung niedrig, Ammonium-Sulfat mit Inhibitor"
"LTFE_Duernast",2018,10,"10",36,4477190.282,5362883.377,"GK",2,NA,35,3812,NA,13348,NA,21988,NA,3396,"Düngung hoch, Ammonium-Sulfat mit Inhibitor"
"LTFE_Duernast",2018,15,"15",37,4477189.66,5362887.336,"GK",3,NA,35,3813,NA,13349,NA,21989,NA,3397,"Kontrolle, keine Düngung"
"LTFE_Duernast",2018,15,"15",38,4477189.004,5362891.341,"GK",3,NA,35,3814,NA,13350,NA,21990,NA,3398,"Kontrolle, keine Düngung"
"LTFE_Duernast",2018,1,"1",39,4477188.345,5362895.298,"GK",4,NA,35,3815,NA,13351,NA,21991,NA,3399,"Düngung niedrig, Harnstoff"
"LTFE_Duernast",2018,8,"8",40,4477187.659,5362899.308,"GK",4,NA,35,3816,NA,13352,NA,21992,NA,3400,"Düngung hoch, Harnstoff"
"LTFE_Duernast",2018,6,"6",41,4477184.388,5362870.112,"GK",1,NA,35,3817,NA,13353,NA,21993,NA,3401,"Düngung niedrig, Ammonium-Nitrat-Harnstoff-Lösung"
"LTFE_Duernast",2018,13,"13",42,4477183.734,5362874.104,"GK",1,NA,35,3818,NA,13354,NA,21994,NA,3402,"Düngung hoch, Ammonium-Nitrat-Harnstoff-Lösung"
"LTFE_Duernast",2018,7,"7",43,4477183.065,5362878.064,"GK",2,NA,35,3819,NA,13355,NA,21995,NA,3403,"Düngung niedrig, Kalkammonsalpeter 2"
"LTFE_Duernast",2018,14,"14",44,4477182.404,5362882.035,"GK",2,NA,35,3820,NA,13356,NA,21996,NA,3404,"Düngung hoch, Kalkammonsalpeter 2"
"LTFE_Duernast",2018,4,"4",45,4477181.791,5362886.018,"GK",3,NA,35,3821,NA,13357,NA,21997,NA,3405,"Düngung niedrig, Kalkammonsalpeter 1"
"LTFE_Duernast",2018,11,"11",46,4477181.134,5362890.023,"GK",3,NA,35,3822,NA,13358,NA,21998,NA,3406,"Düngung hoch, Kalkammonsalpeter 1"
"LTFE_Duernast",2018,5,"5",47,4477180.475,5362893.979,"GK",4,NA,35,3823,NA,13359,NA,21999,NA,3407,"Düngung niedrig, Kalkstickstoff"
"LTFE_Duernast",2018,12,"12",48,4477179.789,5362897.989,"GK",4,NA,35,3824,NA,13360,NA,22000,NA,3408,"Düngung hoch, Kalkstickstoff"
"LTFE_Duernast",2018,3,"3",49,4477176.548,5362868.781,"GK",1,NA,35,3825,NA,13361,NA,22001,NA,3409,"Düngung niedrig, Ammonium-Sulfat mit Inhibitor"
"LTFE_Duernast",2018,10,"10",50,4477175.879,5362872.762,"GK",1,NA,35,3826,NA,13362,NA,22002,NA,3410,"Düngung hoch, Ammonium-Sulfat mit Inhibitor"
"LTFE_Duernast",2018,15,"15",51,4477175.235,5362876.684,"GK",2,NA,35,3827,NA,13363,NA,22003,NA,3411,"Kontrolle, keine Düngung"
"LTFE_Duernast",2018,15,"15",52,4477174.548,5362880.712,"GK",2,NA,35,3828,NA,13364,NA,22004,NA,3412,"Kontrolle, keine Düngung"
"LTFE_Duernast",2018,1,"1",53,4477173.903,5362884.679,"GK",3,NA,35,3829,NA,13365,NA,22005,NA,3413,"Düngung niedrig, Harnstoff"
"LTFE_Duernast",2018,8,"8",54,4477173.247,5362888.684,"GK",3,NA,35,3830,NA,13366,NA,22006,NA,3414,"Düngung hoch, Harnstoff"
"LTFE_Duernast",2018,2,"2",55,4477172.587,5362892.641,"GK",4,NA,35,3831,NA,13367,NA,22007,NA,3415,"Düngung niedrig, Ammoniumsulfatsalpeter"
"LTFE_Duernast",2018,9,"9",56,4477171.901,5362896.651,"GK",4,NA,35,3832,NA,13368,NA,22008,NA,3416,"Düngung hoch, Ammoniumsulfatsalpeter"
"LTFE_Duernast",2018,7,"7",57,4477168.657,5362867.468,"GK",1,NA,35,3833,NA,13369,NA,22009,NA,3417,"Düngung niedrig, Kalkammonsalpeter 2"
"LTFE_Duernast",2018,14,"14",58,4477167.991,5362871.434,"GK",1,NA,35,3834,NA,13370,NA,22010,NA,3418,"Düngung hoch, Kalkammonsalpeter 2"
"LTFE_Duernast",2018,4,"4",59,4477167.318,5362875.394,"GK",2,NA,35,3835,NA,13371,NA,22011,NA,3419,"Düngung niedrig, Kalkammonsalpeter 1"
"LTFE_Duernast",2018,11,"11",60,4477166.665,5362879.372,"GK",2,NA,35,3836,NA,13372,NA,22012,NA,3420,"Düngung hoch, Kalkammonsalpeter 1"
"LTFE_Duernast",2018,5,"5",61,4477166.011,5362883.364,"GK",3,NA,35,3837,NA,13373,NA,22013,NA,3421,"Düngung niedrig, Kalkstickstoff"
"LTFE_Duernast",2018,12,"12",62,4477165.355,5362887.369,"GK",3,NA,35,3838,NA,13374,NA,22014,NA,3422,"Düngung hoch, Kalkstickstoff"
"LTFE_Duernast",2018,6,"6",63,4477164.695,5362891.325,"GK",4,NA,35,3839,NA,13375,NA,22015,NA,3423,"Düngung niedrig, Ammonium-Nitrat-Harnstoff-Lösung"
"LTFE_Duernast",2018,13,"13",64,4477164.01,5362895.335,"GK",4,NA,35,3840,NA,13376,NA,22016,NA,3424,"Düngung hoch, Ammonium-Nitrat-Harnstoff-Lösung"
"LTFE_Duernast",2018,15,"15",1,4477223.878,5362876.753,"GK",1,"MAZ",1,3777,NA,13313,NA,21953,NA,3361,"Kontrolle, keine Düngung"
"LTFE_Duernast",2018,15,"15",2,4477223.21,5362880.723,"GK",1,"MAZ",1,3778,NA,13314,NA,21954,NA,3362,"Kontrolle, keine Düngung"
"LTFE_Duernast",2018,1,"1",3,4477222.539,5362884.698,"GK",2,"MAZ",1,3779,NA,13315,NA,21955,NA,3363,"Düngung niedrig, Harnstoff"
"LTFE_Duernast",2018,8,"8",4,4477221.863,5362888.676,"GK",2,"MAZ",1,3780,NA,13316,NA,21956,NA,3364,"Düngung hoch, Harnstoff"
"LTFE_Duernast",2018,2,"2",5,4477221.183,5362892.666,"GK",3,"MAZ",1,3781,NA,13317,NA,21957,NA,3365,"Düngung niedrig, Ammoniumsulfatsalpeter"
"LTFE_Duernast",2018,9,"9",6,4477220.505,5362896.656,"GK",3,"MAZ",1,3782,NA,13318,NA,21958,NA,3366,"Düngung hoch, Ammoniumsulfatsalpeter"
"LTFE_Duernast",2018,3,"3",7,4477219.846,5362900.613,"GK",4,"MAZ",1,3783,NA,13319,NA,21959,NA,3367,"Düngung niedrig, Ammonium-Sulfat mit Inhibitor"
"LTFE_Duernast",2018,10,"10",8,4477219.16,5362904.623,"GK",4,"MAZ",1,3784,NA,13320,NA,21960,NA,3368,"Düngung hoch, Ammonium-Sulfat mit Inhibitor"
"LTFE_Duernast",2018,4,"4",9,4477215.976,5362875.403,"GK",1,"MAZ",1,3785,NA,13321,NA,21961,NA,3369,"Düngung niedrig, Kalkammonsalpeter 1"
"LTFE_Duernast",2018,11,"11",10,4477215.305,5362879.388,"GK",1,"MAZ",1,3786,NA,13322,NA,21962,NA,3370,"Düngung hoch, Kalkammonsalpeter 1"
"LTFE_Duernast",2018,5,"5",11,4477214.638,5362883.371,"GK",2,"MAZ",1,3787,NA,13323,NA,21963,NA,3371,"Düngung niedrig, Kalkstickstoff"
"LTFE_Duernast",2018,12,"12",12,4477213.961,5362887.357,"GK",2,"MAZ",1,3788,NA,13324,NA,21964,NA,3372,"Düngung hoch, Kalkstickstoff"
"LTFE_Duernast",2018,6,"6",13,4477213.284,5362891.333,"GK",3,"MAZ",1,3789,NA,13325,NA,21965,NA,3373,"Düngung niedrig, Ammonium-Nitrat-Harnstoff-Lösung"
"LTFE_Duernast",2018,13,"13",14,4477212.627,5362895.322,"GK",3,"MAZ",1,3790,NA,13326,NA,21966,NA,3374,"Düngung hoch, Ammonium-Nitrat-Harnstoff-Lösung"
"LTFE_Duernast",2018,7,"7",15,4477211.968,5362899.278,"GK",4,"MAZ",1,3791,NA,13327,NA,21967,NA,3375,"Düngung niedrig, Kalkammonsalpeter 2"
"LTFE_Duernast",2018,14,"14",16,4477211.282,5362903.288,"GK",4,"MAZ",1,3792,NA,13328,NA,21968,NA,3376,"Düngung hoch, Kalkammonsalpeter 2"
"LTFE_Duernast",2018,1,"1",17,4477208.074,5362874.079,"GK",1,"MAZ",1,3793,NA,13329,NA,21969,NA,3377,"Düngung niedrig, Harnstoff"
"LTFE_Duernast",2018,8,"8",18,4477207.419,5362878.064,"GK",1,"MAZ",1,3794,NA,13330,NA,21970,NA,3378,"Düngung hoch, Harnstoff"
"LTFE_Duernast",2018,2,"2",19,4477206.752,5362882.047,"GK",2,"MAZ",1,3795,NA,13331,NA,21971,NA,3379,"Düngung niedrig, Ammoniumsulfatsalpeter"
"LTFE_Duernast",2018,9,"9",20,4477206.067,5362886.033,"GK",2,"MAZ",1,3796,NA,13332,NA,21972,NA,3380,"Düngung hoch, Ammoniumsulfatsalpeter"
"LTFE_Duernast",2018,3,"3",21,4477205.414,5362890.009,"GK",3,"MAZ",1,3797,NA,13333,NA,21973,NA,3381,"Düngung niedrig, Ammonium-Sulfat mit Inhibitor"
"LTFE_Duernast",2018,10,"10",22,4477204.757,5362893.998,"GK",3,"MAZ",1,3798,NA,13334,NA,21974,NA,3382,"Düngung hoch, Ammonium-Sulfat mit Inhibitor"
"LTFE_Duernast",2018,15,"15",23,4477204.098,5362897.954,"GK",4,"MAZ",1,3799,NA,13335,NA,21975,NA,3383,"Kontrolle, keine Düngung"
"LTFE_Duernast",2018,15,"15",24,4477203.412,5362901.964,"GK",4,"MAZ",1,3800,NA,13336,NA,21976,NA,3384,"Kontrolle, keine Düngung"
"LTFE_Duernast",2018,5,"5",25,4477200.186,5362872.762,"GK",1,"MAZ",1,3801,NA,13337,NA,21977,NA,3385,"Düngung niedrig, Kalkstickstoff"
"LTFE_Duernast",2018,12,"12",26,4477199.5,5362876.748,"GK",1,"MAZ",1,3802,NA,13338,NA,21978,NA,3386,"Düngung hoch, Kalkstickstoff"
"LTFE_Duernast",2018,6,"6",27,4477198.856,5362880.722,"GK",2,"MAZ",1,3803,NA,13339,NA,21979,NA,3387,"Düngung niedrig, Ammonium-Nitrat-Harnstoff-Lösung"
"LTFE_Duernast",2018,13,"13",28,4477198.171,5362884.708,"GK",2,"MAZ",1,3804,NA,13340,NA,21980,NA,3388,"Düngung hoch, Ammonium-Nitrat-Harnstoff-Lösung"
"LTFE_Duernast",2018,7,"7",29,4477197.533,5362888.668,"GK",3,"MAZ",1,3805,NA,13341,NA,21981,NA,3389,"Düngung niedrig, Kalkammonsalpeter 2"
"LTFE_Duernast",2018,14,"14",30,4477196.877,5362892.673,"GK",3,"MAZ",1,3806,NA,13342,NA,21982,NA,3390,"Düngung hoch, Kalkammonsalpeter 2"
"LTFE_Duernast",2018,4,"4",31,4477196.218,5362896.629,"GK",4,"MAZ",1,3807,NA,13343,NA,21983,NA,3391,"Düngung niedrig, Kalkammonsalpeter 1"
"LTFE_Duernast",2018,11,"11",32,4477195.532,5362900.639,"GK",4,"MAZ",1,3808,NA,13344,NA,21984,NA,3392,"Düngung hoch, Kalkammonsalpeter 1"
"LTFE_Duernast",2018,2,"2",33,4477192.281,5362871.438,"GK",1,"MAZ",1,3809,NA,13345,NA,21985,NA,3393,"Düngung niedrig, Ammoniumsulfatsalpeter"
"LTFE_Duernast",2018,9,"9",34,4477191.618,5362875.419,"GK",1,"MAZ",1,3810,NA,13346,NA,21986,NA,3394,"Düngung hoch, Ammoniumsulfatsalpeter"
"LTFE_Duernast",2018,3,"3",35,4477190.967,5362879.399,"GK",2,"MAZ",1,3811,NA,13347,NA,21987,NA,3395,"Düngung niedrig, Ammonium-Sulfat mit Inhibitor"
"LTFE_Duernast",2018,10,"10",36,4477190.282,5362883.377,"GK",2,"MAZ",1,3812,NA,13348,NA,21988,NA,3396,"Düngung hoch, Ammonium-Sulfat mit Inhibitor"
"LTFE_Duernast",2018,15,"15",37,4477189.66,5362887.336,"GK",3,"MAZ",1,3813,NA,13349,NA,21989,NA,3397,"Kontrolle, keine Düngung"
"LTFE_Duernast",2018,15,"15",38,4477189.004,5362891.341,"GK",3,"MAZ",1,3814,NA,13350,NA,21990,NA,3398,"Kontrolle, keine Düngung"
"LTFE_Duernast",2018,1,"1",39,4477188.345,5362895.298,"GK",4,"MAZ",1,3815,NA,13351,NA,21991,NA,3399,"Düngung niedrig, Harnstoff"
"LTFE_Duernast",2018,8,"8",40,4477187.659,5362899.308,"GK",4,"MAZ",1,3816,NA,13352,NA,21992,NA,3400,"Düngung hoch, Harnstoff"
"LTFE_Duernast",2018,6,"6",41,4477184.388,5362870.112,"GK",1,"MAZ",1,3817,NA,13353,NA,21993,NA,3401,"Düngung niedrig, Ammonium-Nitrat-Harnstoff-Lösung"
"LTFE_Duernast",2018,13,"13",42,4477183.734,5362874.104,"GK",1,"MAZ",1,3818,NA,13354,NA,21994,NA,3402,"Düngung hoch, Ammonium-Nitrat-Harnstoff-Lösung"
"LTFE_Duernast",2018,7,"7",43,4477183.065,5362878.064,"GK",2,"MAZ",1,3819,NA,13355,NA,21995,NA,3403,"Düngung niedrig, Kalkammonsalpeter 2"
"LTFE_Duernast",2018,14,"14",44,4477182.404,5362882.035,"GK",2,"MAZ",1,3820,NA,13356,NA,21996,NA,3404,"Düngung hoch, Kalkammonsalpeter 2"
"LTFE_Duernast",2018,4,"4",45,4477181.791,5362886.018,"GK",3,"MAZ",1,3821,NA,13357,NA,21997,NA,3405,"Düngung niedrig, Kalkammonsalpeter 1"
"LTFE_Duernast",2018,11,"11",46,4477181.134,5362890.023,"GK",3,"MAZ",1,3822,NA,13358,NA,21998,NA,3406,"Düngung hoch, Kalkammonsalpeter 1"
"LTFE_Duernast",2018,5,"5",47,4477180.475,5362893.979,"GK",4,"MAZ",1,3823,NA,13359,NA,21999,NA,3407,"Düngung niedrig, Kalkstickstoff"
"LTFE_Duernast",2018,12,"12",48,4477179.789,5362897.989,"GK",4,"MAZ",1,3824,NA,13360,NA,22000,NA,3408,"Düngung hoch, Kalkstickstoff"
"LTFE_Duernast",2018,3,"3",49,4477176.548,5362868.781,"GK",1,"MAZ",1,3825,NA,13361,NA,22001,NA,3409,"Düngung niedrig, Ammonium-Sulfat mit Inhibitor"
"LTFE_Duernast",2018,10,"10",50,4477175.879,5362872.762,"GK",1,"MAZ",1,3826,NA,13362,NA,22002,NA,3410,"Düngung hoch, Ammonium-Sulfat mit Inhibitor"
"LTFE_Duernast",2018,15,"15",51,4477175.235,5362876.684,"GK",2,"MAZ",1,3827,NA,13363,NA,22003,NA,3411,"Kontrolle, keine Düngung"
"LTFE_Duernast",2018,15,"15",52,4477174.548,5362880.712,"GK",2,"MAZ",1,3828,NA,13364,NA,22004,NA,3412,"Kontrolle, keine Düngung"
"LTFE_Duernast",2018,1,"1",53,4477173.903,5362884.679,"GK",3,"MAZ",1,3829,NA,13365,NA,22005,NA,3413,"Düngung niedrig, Harnstoff"
"LTFE_Duernast",2018,8,"8",54,4477173.247,5362888.684,"GK",3,"MAZ",1,3830,NA,13366,NA,22006,NA,3414,"Düngung hoch, Harnstoff"
"LTFE_Duernast",2018,2,"2",55,4477172.587,5362892.641,"GK",4,"MAZ",1,3831,NA,13367,NA,22007,NA,3415,"Düngung niedrig, Ammoniumsulfatsalpeter"
"LTFE_Duernast",2018,9,"9",56,4477171.901,5362896.651,"GK",4,"MAZ",1,3832,NA,13368,NA,22008,NA,3416,"Düngung hoch, Ammoniumsulfatsalpeter"
"LTFE_Duernast",2018,7,"7",57,4477168.657,5362867.468,"GK",1,"MAZ",1,3833,NA,13369,NA,22009,NA,3417,"Düngung niedrig, Kalkammonsalpeter 2"
"LTFE_Duernast",2018,14,"14",58,4477167.991,5362871.434,"GK",1,"MAZ",1,3834,NA,13370,NA,22010,NA,3418,"Düngung hoch, Kalkammonsalpeter 2"
"LTFE_Duernast",2018,4,"4",59,4477167.318,5362875.394,"GK",2,"MAZ",1,3835,NA,13371,NA,22011,NA,3419,"Düngung niedrig, Kalkammonsalpeter 1"
"LTFE_Duernast",2018,11,"11",60,4477166.665,5362879.372,"GK",2,"MAZ",1,3836,NA,13372,NA,22012,NA,3420,"Düngung hoch, Kalkammonsalpeter 1"
"LTFE_Duernast",2018,5,"5",61,4477166.011,5362883.364,"GK",3,"MAZ",1,3837,NA,13373,NA,22013,NA,3421,"Düngung niedrig, Kalkstickstoff"
"LTFE_Duernast",2018,12,"12",62,4477165.355,5362887.369,"GK",3,"MAZ",1,3838,NA,13374,NA,22014,NA,3422,"Düngung hoch, Kalkstickstoff"
"LTFE_Duernast",2018,6,"6",63,4477164.695,5362891.325,"GK",4,"MAZ",1,3839,NA,13375,NA,22015,NA,3423,"Düngung niedrig, Ammonium-Nitrat-Harnstoff-Lösung"
"LTFE_Duernast",2018,13,"13",64,4477164.01,5362895.335,"GK",4,"MAZ",1,3840,NA,13376,NA,22016,NA,3424,"Düngung hoch, Ammonium-Nitrat-Harnstoff-Lösung"
"LTFE_Duernast",2019,15,"15",1,4477223.878,5362876.753,"GK",1,"WHT",2,3905,NA,13505,NA,22081,4609,3425,"Kontrolle, keine Düngung"
"LTFE_Duernast",2019,15,"15",2,4477223.21,5362880.723,"GK",1,"WHT",2,3906,NA,13506,NA,22082,4610,3426,"Kontrolle, keine Düngung"
"LTFE_Duernast",2019,1,"1",3,4477222.539,5362884.698,"GK",2,"WHT",2,3907,NA,13507,NA,22083,4611,3427,"Düngung niedrig, Harnstoff"
"LTFE_Duernast",2019,8,"8",4,4477221.863,5362888.676,"GK",2,"WHT",2,3908,NA,13508,NA,22084,4612,3428,"Düngung hoch, Harnstoff"
"LTFE_Duernast",2019,2,"2",5,4477221.183,5362892.666,"GK",3,"WHT",2,3909,NA,13509,NA,22085,4613,3429,"Düngung niedrig, Ammoniumsulfatsalpeter"
"LTFE_Duernast",2019,9,"9",6,4477220.505,5362896.656,"GK",3,"WHT",2,3910,NA,13510,NA,22086,4614,3430,"Düngung hoch, Ammoniumsulfatsalpeter"
"LTFE_Duernast",2019,3,"3",7,4477219.846,5362900.613,"GK",4,"WHT",2,3911,NA,13511,NA,22087,4615,3431,"Düngung niedrig, Ammonium-Sulfat mit Inhibitor"
"LTFE_Duernast",2019,10,"10",8,4477219.16,5362904.623,"GK",4,"WHT",2,3912,NA,13512,NA,22088,4616,3432,"Düngung hoch, Ammonium-Sulfat mit Inhibitor"
"LTFE_Duernast",2019,4,"4",9,4477215.976,5362875.403,"GK",1,"WHT",2,3913,NA,13513,NA,22089,4617,3433,"Düngung niedrig, Kalkammonsalpeter 1"
"LTFE_Duernast",2019,11,"11",10,4477215.305,5362879.388,"GK",1,"WHT",2,3914,NA,13514,NA,22090,4618,3434,"Düngung hoch, Kalkammonsalpeter 1"
"LTFE_Duernast",2019,5,"5",11,4477214.638,5362883.371,"GK",2,"WHT",2,3915,NA,13515,NA,22091,4619,3435,"Düngung niedrig, Kalkstickstoff"
"LTFE_Duernast",2019,12,"12",12,4477213.961,5362887.357,"GK",2,"WHT",2,3916,NA,13516,NA,22092,4620,3436,"Düngung hoch, Kalkstickstoff"
"LTFE_Duernast",2019,6,"6",13,4477213.284,5362891.333,"GK",3,"WHT",2,3917,NA,13517,NA,22093,4621,3437,"Düngung niedrig, Ammonium-Nitrat-Harnstoff-Lösung"
"LTFE_Duernast",2019,13,"13",14,4477212.627,5362895.322,"GK",3,"WHT",2,3918,NA,13518,NA,22094,4622,3438,"Düngung hoch, Ammonium-Nitrat-Harnstoff-Lösung"
"LTFE_Duernast",2019,7,"7",15,4477211.968,5362899.278,"GK",4,"WHT",2,3919,NA,13519,NA,22095,4623,3439,"Düngung niedrig, Kalkammonsalpeter 2"
"LTFE_Duernast",2019,14,"14",16,4477211.282,5362903.288,"GK",4,"WHT",2,3920,NA,13520,NA,22096,4624,3440,"Düngung hoch, Kalkammonsalpeter 2"
"LTFE_Duernast",2019,1,"1",17,4477208.074,5362874.079,"GK",1,"WHT",2,3921,NA,13521,NA,22097,4625,3441,"Düngung niedrig, Harnstoff"
"LTFE_Duernast",2019,8,"8",18,4477207.419,5362878.064,"GK",1,"WHT",2,3922,NA,13522,NA,22098,4626,3442,"Düngung hoch, Harnstoff"
"LTFE_Duernast",2019,2,"2",19,4477206.752,5362882.047,"GK",2,"WHT",2,3923,NA,13523,NA,22099,4627,3443,"Düngung niedrig, Ammoniumsulfatsalpeter"
"LTFE_Duernast",2019,9,"9",20,4477206.067,5362886.033,"GK",2,"WHT",2,3924,NA,13524,NA,22100,4628,3444,"Düngung hoch, Ammoniumsulfatsalpeter"
"LTFE_Duernast",2019,3,"3",21,4477205.414,5362890.009,"GK",3,"WHT",2,3925,NA,13525,NA,22101,4629,3445,"Düngung niedrig, Ammonium-Sulfat mit Inhibitor"
"LTFE_Duernast",2019,10,"10",22,4477204.757,5362893.998,"GK",3,"WHT",2,3926,NA,13526,NA,22102,4630,3446,"Düngung hoch, Ammonium-Sulfat mit Inhibitor"
"LTFE_Duernast",2019,15,"15",23,4477204.098,5362897.954,"GK",4,"WHT",2,3927,NA,13527,NA,22103,4631,3447,"Kontrolle, keine Düngung"
"LTFE_Duernast",2019,15,"15",24,4477203.412,5362901.964,"GK",4,"WHT",2,3928,NA,13528,NA,22104,4632,3448,"Kontrolle, keine Düngung"
"LTFE_Duernast",2019,5,"5",25,4477200.186,5362872.762,"GK",1,"WHT",2,3929,NA,13529,NA,22105,4633,3449,"Düngung niedrig, Kalkstickstoff"
"LTFE_Duernast",2019,12,"12",26,4477199.5,5362876.748,"GK",1,"WHT",2,3930,NA,13530,NA,22106,4634,3450,"Düngung hoch, Kalkstickstoff"
"LTFE_Duernast",2019,6,"6",27,4477198.856,5362880.722,"GK",2,"WHT",2,3931,NA,13531,NA,22107,4635,3451,"Düngung niedrig, Ammonium-Nitrat-Harnstoff-Lösung"
"LTFE_Duernast",2019,13,"13",28,4477198.171,5362884.708,"GK",2,"WHT",2,3932,NA,13532,NA,22108,4636,3452,"Düngung hoch, Ammonium-Nitrat-Harnstoff-Lösung"
"LTFE_Duernast",2019,7,"7",29,4477197.533,5362888.668,"GK",3,"WHT",2,3933,NA,13533,NA,22109,4637,3453,"Düngung niedrig, Kalkammonsalpeter 2"
"LTFE_Duernast",2019,14,"14",30,4477196.877,5362892.673,"GK",3,"WHT",2,3934,NA,13534,NA,22110,4638,3454,"Düngung hoch, Kalkammonsalpeter 2"
"LTFE_Duernast",2019,4,"4",31,4477196.218,5362896.629,"GK",4,"WHT",2,3935,NA,13535,NA,22111,4639,3455,"Düngung niedrig, Kalkammonsalpeter 1"
"LTFE_Duernast",2019,11,"11",32,4477195.532,5362900.639,"GK",4,"WHT",2,3936,NA,13536,NA,22112,4640,3456,"Düngung hoch, Kalkammonsalpeter 1"
"LTFE_Duernast",2019,2,"2",33,4477192.281,5362871.438,"GK",1,"WHT",2,3937,NA,13537,NA,22113,4641,3457,"Düngung niedrig, Ammoniumsulfatsalpeter"
"LTFE_Duernast",2019,9,"9",34,4477191.618,5362875.419,"GK",1,"WHT",2,3938,NA,13538,NA,22114,4642,3458,"Düngung hoch, Ammoniumsulfatsalpeter"
"LTFE_Duernast",2019,3,"3",35,4477190.967,5362879.399,"GK",2,"WHT",2,3939,NA,13539,NA,22115,4643,3459,"Düngung niedrig, Ammonium-Sulfat mit Inhibitor"
"LTFE_Duernast",2019,10,"10",36,4477190.282,5362883.377,"GK",2,"WHT",2,3940,NA,13540,NA,22116,4644,3460,"Düngung hoch, Ammonium-Sulfat mit Inhibitor"
"LTFE_Duernast",2019,15,"15",37,4477189.66,5362887.336,"GK",3,"WHT",2,3941,NA,13541,NA,22117,4645,3461,"Kontrolle, keine Düngung"
"LTFE_Duernast",2019,15,"15",38,4477189.004,5362891.341,"GK",3,"WHT",2,3942,NA,13542,NA,22118,4646,3462,"Kontrolle, keine Düngung"
"LTFE_Duernast",2019,1,"1",39,4477188.345,5362895.298,"GK",4,"WHT",2,3943,NA,13543,NA,22119,4647,3463,"Düngung niedrig, Harnstoff"
"LTFE_Duernast",2019,8,"8",40,4477187.659,5362899.308,"GK",4,"WHT",2,3944,NA,13544,NA,22120,4648,3464,"Düngung hoch, Harnstoff"
"LTFE_Duernast",2019,6,"6",41,4477184.388,5362870.112,"GK",1,"WHT",2,3945,NA,13545,NA,22121,4649,3465,"Düngung niedrig, Ammonium-Nitrat-Harnstoff-Lösung"
"LTFE_Duernast",2019,13,"13",42,4477183.734,5362874.104,"GK",1,"WHT",2,3946,NA,13546,NA,22122,4650,3466,"Düngung hoch, Ammonium-Nitrat-Harnstoff-Lösung"
"LTFE_Duernast",2019,7,"7",43,4477183.065,5362878.064,"GK",2,"WHT",2,3947,NA,13547,NA,22123,4651,3467,"Düngung niedrig, Kalkammonsalpeter 2"
"LTFE_Duernast",2019,14,"14",44,4477182.404,5362882.035,"GK",2,"WHT",2,3948,NA,13548,NA,22124,4652,3468,"Düngung hoch, Kalkammonsalpeter 2"
"LTFE_Duernast",2019,4,"4",45,4477181.791,5362886.018,"GK",3,"WHT",2,3949,NA,13549,NA,22125,4653,3469,"Düngung niedrig, Kalkammonsalpeter 1"
"LTFE_Duernast",2019,11,"11",46,4477181.134,5362890.023,"GK",3,"WHT",2,3950,NA,13550,NA,22126,4654,3470,"Düngung hoch, Kalkammonsalpeter 1"
"LTFE_Duernast",2019,5,"5",47,4477180.475,5362893.979,"GK",4,"WHT",2,3951,NA,13551,NA,22127,4655,3471,"Düngung niedrig, Kalkstickstoff"
"LTFE_Duernast",2019,12,"12",48,4477179.789,5362897.989,"GK",4,"WHT",2,3952,NA,13552,NA,22128,4656,3472,"Düngung hoch, Kalkstickstoff"
"LTFE_Duernast",2019,3,"3",49,4477176.548,5362868.781,"GK",1,"WHT",2,3953,NA,13553,NA,22129,4657,3473,"Düngung niedrig, Ammonium-Sulfat mit Inhibitor"
"LTFE_Duernast",2019,10,"10",50,4477175.879,5362872.762,"GK",1,"WHT",2,3954,NA,13554,NA,22130,4658,3474,"Düngung hoch, Ammonium-Sulfat mit Inhibitor"
"LTFE_Duernast",2019,15,"15",51,4477175.235,5362876.684,"GK",2,"WHT",2,3955,NA,13555,NA,22131,4659,3475,"Kontrolle, keine Düngung"
"LTFE_Duernast",2019,15,"15",52,4477174.548,5362880.712,"GK",2,"WHT",2,3956,NA,13556,NA,22132,4660,3476,"Kontrolle, keine Düngung"
"LTFE_Duernast",2019,1,"1",53,4477173.903,5362884.679,"GK",3,"WHT",2,3957,NA,13557,NA,22133,4661,3477,"Düngung niedrig, Harnstoff"
"LTFE_Duernast",2019,8,"8",54,4477173.247,5362888.684,"GK",3,"WHT",2,3958,NA,13558,NA,22134,4662,3478,"Düngung hoch, Harnstoff"
"LTFE_Duernast",2019,2,"2",55,4477172.587,5362892.641,"GK",4,"WHT",2,3959,NA,13559,NA,22135,4663,3479,"Düngung niedrig, Ammoniumsulfatsalpeter"
"LTFE_Duernast",2019,9,"9",56,4477171.901,5362896.651,"GK",4,"WHT",2,3960,NA,13560,NA,22136,4664,3480,"Düngung hoch, Ammoniumsulfatsalpeter"
"LTFE_Duernast",2019,7,"7",57,4477168.657,5362867.468,"GK",1,"WHT",2,3961,NA,13561,NA,22137,4665,3481,"Düngung niedrig, Kalkammonsalpeter 2"
"LTFE_Duernast",2019,14,"14",58,4477167.991,5362871.434,"GK",1,"WHT",2,3962,NA,13562,NA,22138,4666,3482,"Düngung hoch, Kalkammonsalpeter 2"
"LTFE_Duernast",2019,4,"4",59,4477167.318,5362875.394,"GK",2,"WHT",2,3963,NA,13563,NA,22139,4667,3483,"Düngung niedrig, Kalkammonsalpeter 1"
"LTFE_Duernast",2019,11,"11",60,4477166.665,5362879.372,"GK",2,"WHT",2,3964,NA,13564,NA,22140,4668,3484,"Düngung hoch, Kalkammonsalpeter 1"
"LTFE_Duernast",2019,5,"5",61,4477166.011,5362883.364,"GK",3,"WHT",2,3965,NA,13565,NA,22141,4669,3485,"Düngung niedrig, Kalkstickstoff"
"LTFE_Duernast",2019,12,"12",62,4477165.355,5362887.369,"GK",3,"WHT",2,3966,NA,13566,NA,22142,4670,3486,"Düngung hoch, Kalkstickstoff"
"LTFE_Duernast",2019,6,"6",63,4477164.695,5362891.325,"GK",4,"WHT",2,3967,NA,13567,NA,22143,4671,3487,"Düngung niedrig, Ammonium-Nitrat-Harnstoff-Lösung"
"LTFE_Duernast",2019,13,"13",64,4477164.01,5362895.335,"GK",4,"WHT",2,3968,NA,13568,NA,22144,4672,3488,"Düngung hoch, Ammonium-Nitrat-Harnstoff-Lösung"
"LTFE_Duernast",2020,15,"15",1,4477223.878,5362876.753,"GK",1,"WHT",13,3969,NA,NA,NA,22401,4737,3489,"Kontrolle, keine Düngung"
"LTFE_Duernast",2020,15,"15",2,4477223.21,5362880.723,"GK",1,"WHT",13,3970,NA,NA,NA,22402,4738,3490,"Kontrolle, keine Düngung"
"LTFE_Duernast",2020,1,"1",3,4477222.539,5362884.698,"GK",2,"WHT",13,3971,NA,NA,NA,22403,4739,3491,"Düngung niedrig, Harnstoff"
"LTFE_Duernast",2020,8,"8",4,4477221.863,5362888.676,"GK",2,"WHT",13,3972,NA,NA,NA,22404,4740,3492,"Düngung hoch, Harnstoff"
"LTFE_Duernast",2020,2,"2",5,4477221.183,5362892.666,"GK",3,"WHT",13,3973,NA,NA,NA,22405,4741,3493,"Düngung niedrig, Ammoniumsulfatsalpeter"
"LTFE_Duernast",2020,9,"9",6,4477220.505,5362896.656,"GK",3,"WHT",13,3974,NA,NA,NA,22406,4742,3494,"Düngung hoch, Ammoniumsulfatsalpeter"
"LTFE_Duernast",2020,3,"3",7,4477219.846,5362900.613,"GK",4,"WHT",13,3975,NA,NA,NA,22407,4743,3495,"Düngung niedrig, Ammonium-Sulfat mit Inhibitor"
"LTFE_Duernast",2020,10,"10",8,4477219.16,5362904.623,"GK",4,"WHT",13,3976,NA,NA,NA,22408,4744,3496,"Düngung hoch, Ammonium-Sulfat mit Inhibitor"
"LTFE_Duernast",2020,4,"4",9,4477215.976,5362875.403,"GK",1,"WHT",13,3977,NA,NA,NA,22409,4745,3497,"Düngung niedrig, Kalkammonsalpeter 1"
"LTFE_Duernast",2020,11,"11",10,4477215.305,5362879.388,"GK",1,"WHT",13,3978,NA,NA,NA,22410,4746,3498,"Düngung hoch, Kalkammonsalpeter 1"
"LTFE_Duernast",2020,5,"5",11,4477214.638,5362883.371,"GK",2,"WHT",13,3979,NA,NA,NA,22411,4747,3499,"Düngung niedrig, Kalkstickstoff"
"LTFE_Duernast",2020,12,"12",12,4477213.961,5362887.357,"GK",2,"WHT",13,3980,NA,NA,NA,22412,4748,3500,"Düngung hoch, Kalkstickstoff"
"LTFE_Duernast",2020,6,"6",13,4477213.284,5362891.333,"GK",3,"WHT",13,3981,NA,NA,NA,22413,4749,3501,"Düngung niedrig, Ammonium-Nitrat-Harnstoff-Lösung"
"LTFE_Duernast",2020,13,"13",14,4477212.627,5362895.322,"GK",3,"WHT",13,3982,NA,NA,NA,22414,4750,3502,"Düngung hoch, Ammonium-Nitrat-Harnstoff-Lösung"
"LTFE_Duernast",2020,7,"7",15,4477211.968,5362899.278,"GK",4,"WHT",13,3983,NA,NA,NA,22415,4751,3503,"Düngung niedrig, Kalkammonsalpeter 2"
"LTFE_Duernast",2020,14,"14",16,4477211.282,5362903.288,"GK",4,"WHT",13,3984,NA,NA,NA,22416,4752,3504,"Düngung hoch, Kalkammonsalpeter 2"
"LTFE_Duernast",2020,1,"1",17,4477208.074,5362874.079,"GK",1,"WHT",13,3985,NA,NA,NA,22417,4753,3505,"Düngung niedrig, Harnstoff"
"LTFE_Duernast",2020,8,"8",18,4477207.419,5362878.064,"GK",1,"WHT",13,3986,NA,NA,NA,22418,4754,3506,"Düngung hoch, Harnstoff"
"LTFE_Duernast",2020,2,"2",19,4477206.752,5362882.047,"GK",2,"WHT",13,3987,NA,NA,NA,22419,4755,3507,"Düngung niedrig, Ammoniumsulfatsalpeter"
"LTFE_Duernast",2020,9,"9",20,4477206.067,5362886.033,"GK",2,"WHT",13,3988,NA,NA,NA,22420,4756,3508,"Düngung hoch, Ammoniumsulfatsalpeter"
"LTFE_Duernast",2020,3,"3",21,4477205.414,5362890.009,"GK",3,"WHT",13,3989,NA,NA,NA,22421,4757,3509,"Düngung niedrig, Ammonium-Sulfat mit Inhibitor"
"LTFE_Duernast",2020,10,"10",22,4477204.757,5362893.998,"GK",3,"WHT",13,3990,NA,NA,NA,22422,4758,3510,"Düngung hoch, Ammonium-Sulfat mit Inhibitor"
"LTFE_Duernast",2020,15,"15",23,4477204.098,5362897.954,"GK",4,"WHT",13,3991,NA,NA,NA,22423,4759,3511,"Kontrolle, keine Düngung"
"LTFE_Duernast",2020,15,"15",24,4477203.412,5362901.964,"GK",4,"WHT",13,3992,NA,NA,NA,22424,4760,3512,"Kontrolle, keine Düngung"
"LTFE_Duernast",2020,5,"5",25,4477200.186,5362872.762,"GK",1,"WHT",13,3993,NA,NA,NA,22425,4761,3513,"Düngung niedrig, Kalkstickstoff"
"LTFE_Duernast",2020,12,"12",26,4477199.5,5362876.748,"GK",1,"WHT",13,3994,NA,NA,NA,22426,4762,3514,"Düngung hoch, Kalkstickstoff"
"LTFE_Duernast",2020,6,"6",27,4477198.856,5362880.722,"GK",2,"WHT",13,3995,NA,NA,NA,22427,4763,3515,"Düngung niedrig, Ammonium-Nitrat-Harnstoff-Lösung"
"LTFE_Duernast",2020,13,"13",28,4477198.171,5362884.708,"GK",2,"WHT",13,3996,NA,NA,NA,22428,4764,3516,"Düngung hoch, Ammonium-Nitrat-Harnstoff-Lösung"
"LTFE_Duernast",2020,7,"7",29,4477197.533,5362888.668,"GK",3,"WHT",13,3997,NA,NA,NA,22429,4765,3517,"Düngung niedrig, Kalkammonsalpeter 2"
"LTFE_Duernast",2020,14,"14",30,4477196.877,5362892.673,"GK",3,"WHT",13,3998,NA,NA,NA,22430,4766,3518,"Düngung hoch, Kalkammonsalpeter 2"
"LTFE_Duernast",2020,4,"4",31,4477196.218,5362896.629,"GK",4,"WHT",13,3999,NA,NA,NA,22431,4767,3519,"Düngung niedrig, Kalkammonsalpeter 1"
"LTFE_Duernast",2020,11,"11",32,4477195.532,5362900.639,"GK",4,"WHT",13,4000,NA,NA,NA,22432,4768,3520,"Düngung hoch, Kalkammonsalpeter 1"
"LTFE_Duernast",2020,2,"2",33,4477192.281,5362871.438,"GK",1,"WHT",13,4001,NA,NA,NA,22433,4769,3521,"Düngung niedrig, Ammoniumsulfatsalpeter"
"LTFE_Duernast",2020,9,"9",34,4477191.618,5362875.419,"GK",1,"WHT",13,4002,NA,NA,NA,22434,4770,3522,"Düngung hoch, Ammoniumsulfatsalpeter"
"LTFE_Duernast",2020,3,"3",35,4477190.967,5362879.399,"GK",2,"WHT",13,4003,NA,NA,NA,22435,4771,3523,"Düngung niedrig, Ammonium-Sulfat mit Inhibitor"
"LTFE_Duernast",2020,10,"10",36,4477190.282,5362883.377,"GK",2,"WHT",13,4004,NA,NA,NA,22436,4772,3524,"Düngung hoch, Ammonium-Sulfat mit Inhibitor"
"LTFE_Duernast",2020,15,"15",37,4477189.66,5362887.336,"GK",3,"WHT",13,4005,NA,NA,NA,22437,4773,3525,"Kontrolle, keine Düngung"
"LTFE_Duernast",2020,15,"15",38,4477189.004,5362891.341,"GK",3,"WHT",13,4006,NA,NA,NA,22438,4774,3526,"Kontrolle, keine Düngung"
"LTFE_Duernast",2020,1,"1",39,4477188.345,5362895.298,"GK",4,"WHT",13,4007,NA,NA,NA,22439,4775,3527,"Düngung niedrig, Harnstoff"
"LTFE_Duernast",2020,8,"8",40,4477187.659,5362899.308,"GK",4,"WHT",13,4008,NA,NA,NA,22440,4776,3528,"Düngung hoch, Harnstoff"
"LTFE_Duernast",2020,6,"6",41,4477184.388,5362870.112,"GK",1,"WHT",13,4009,NA,NA,NA,22441,4777,3529,"Düngung niedrig, Ammonium-Nitrat-Harnstoff-Lösung"
"LTFE_Duernast",2020,13,"13",42,4477183.734,5362874.104,"GK",1,"WHT",13,4010,NA,NA,NA,22442,4778,3530,"Düngung hoch, Ammonium-Nitrat-Harnstoff-Lösung"
"LTFE_Duernast",2020,7,"7",43,4477183.065,5362878.064,"GK",2,"WHT",13,4011,NA,NA,NA,22443,4779,3531,"Düngung niedrig, Kalkammonsalpeter 2"
"LTFE_Duernast",2020,14,"14",44,4477182.404,5362882.035,"GK",2,"WHT",13,4012,NA,NA,NA,22444,4780,3532,"Düngung hoch, Kalkammonsalpeter 2"
"LTFE_Duernast",2020,4,"4",45,4477181.791,5362886.018,"GK",3,"WHT",13,4013,NA,NA,NA,22445,4781,3533,"Düngung niedrig, Kalkammonsalpeter 1"
"LTFE_Duernast",2020,11,"11",46,4477181.134,5362890.023,"GK",3,"WHT",13,4014,NA,NA,NA,22446,4782,3534,"Düngung hoch, Kalkammonsalpeter 1"
"LTFE_Duernast",2020,5,"5",47,4477180.475,5362893.979,"GK",4,"WHT",13,4015,NA,NA,NA,22447,4783,3535,"Düngung niedrig, Kalkstickstoff"
"LTFE_Duernast",2020,12,"12",48,4477179.789,5362897.989,"GK",4,"WHT",13,4016,NA,NA,NA,22448,4784,3536,"Düngung hoch, Kalkstickstoff"
"LTFE_Duernast",2020,3,"3",49,4477176.548,5362868.781,"GK",1,"WHT",13,4017,NA,NA,NA,22449,4785,3537,"Düngung niedrig, Ammonium-Sulfat mit Inhibitor"
"LTFE_Duernast",2020,10,"10",50,4477175.879,5362872.762,"GK",1,"WHT",13,4018,NA,NA,NA,22450,4786,3538,"Düngung hoch, Ammonium-Sulfat mit Inhibitor"
"LTFE_Duernast",2020,15,"15",51,4477175.235,5362876.684,"GK",2,"WHT",13,4019,NA,NA,NA,22451,4787,3539,"Kontrolle, keine Düngung"
"LTFE_Duernast",2020,15,"15",52,4477174.548,5362880.712,"GK",2,"WHT",13,4020,NA,NA,NA,22452,4788,3540,"Kontrolle, keine Düngung"
"LTFE_Duernast",2020,1,"1",53,4477173.903,5362884.679,"GK",3,"WHT",13,4021,NA,NA,NA,22453,4789,3541,"Düngung niedrig, Harnstoff"
"LTFE_Duernast",2020,8,"8",54,4477173.247,5362888.684,"GK",3,"WHT",13,4022,NA,NA,NA,22454,4790,3542,"Düngung hoch, Harnstoff"
"LTFE_Duernast",2020,2,"2",55,4477172.587,5362892.641,"GK",4,"WHT",13,4023,NA,NA,NA,22455,4791,3543,"Düngung niedrig, Ammoniumsulfatsalpeter"
"LTFE_Duernast",2020,9,"9",56,4477171.901,5362896.651,"GK",4,"WHT",13,4024,NA,NA,NA,22456,4792,3544,"Düngung hoch, Ammoniumsulfatsalpeter"
"LTFE_Duernast",2020,7,"7",57,4477168.657,5362867.468,"GK",1,"WHT",13,4025,NA,NA,NA,22457,4793,3545,"Düngung niedrig, Kalkammonsalpeter 2"
"LTFE_Duernast",2020,14,"14",58,4477167.991,5362871.434,"GK",1,"WHT",13,4026,NA,NA,NA,22458,4794,3546,"Düngung hoch, Kalkammonsalpeter 2"
"LTFE_Duernast",2020,4,"4",59,4477167.318,5362875.394,"GK",2,"WHT",13,4027,NA,NA,NA,22459,4795,3547,"Düngung niedrig, Kalkammonsalpeter 1"
"LTFE_Duernast",2020,11,"11",60,4477166.665,5362879.372,"GK",2,"WHT",13,4028,NA,NA,NA,22460,4796,3548,"Düngung hoch, Kalkammonsalpeter 1"
"LTFE_Duernast",2020,5,"5",61,4477166.011,5362883.364,"GK",3,"WHT",13,4029,NA,NA,NA,22461,4797,3549,"Düngung niedrig, Kalkstickstoff"
"LTFE_Duernast",2020,12,"12",62,4477165.355,5362887.369,"GK",3,"WHT",13,4030,NA,NA,NA,22462,4798,3550,"Düngung hoch, Kalkstickstoff"
"LTFE_Duernast",2020,6,"6",63,4477164.695,5362891.325,"GK",4,"WHT",13,4031,NA,NA,NA,22463,4799,3551,"Düngung niedrig, Ammonium-Nitrat-Harnstoff-Lösung"
"LTFE_Duernast",2020,13,"13",64,4477164.01,5362895.335,"GK",4,"WHT",13,4032,NA,NA,NA,22464,4800,3552,"Düngung hoch, Ammonium-Nitrat-Harnstoff-Lösung"
"LTFE_Duernast",2021,15,"15",1,4477223.878,5362876.753,"GK",1,"BAR",6,4033,NA,13761,NA,22849,4929,3553,"Kontrolle, keine Düngung"
"LTFE_Duernast",2021,15,"15",2,4477223.21,5362880.723,"GK",1,"BAR",6,4034,NA,13762,NA,22850,4930,3554,"Kontrolle, keine Düngung"
"LTFE_Duernast",2021,1,"1",3,4477222.539,5362884.698,"GK",2,"BAR",6,4035,NA,13763,NA,22851,4931,3555,"Düngung niedrig, Harnstoff"
"LTFE_Duernast",2021,8,"8",4,4477221.863,5362888.676,"GK",2,"BAR",6,4036,NA,13764,NA,22852,4932,3556,"Düngung hoch, Harnstoff"
"LTFE_Duernast",2021,2,"2",5,4477221.183,5362892.666,"GK",3,"BAR",6,4037,NA,13765,NA,22853,4933,3557,"Düngung niedrig, Ammoniumsulfatsalpeter"
"LTFE_Duernast",2021,9,"9",6,4477220.505,5362896.656,"GK",3,"BAR",6,4038,NA,13766,NA,22854,4934,3558,"Düngung hoch, Ammoniumsulfatsalpeter"
"LTFE_Duernast",2021,3,"3",7,4477219.846,5362900.613,"GK",4,"BAR",6,4039,NA,13767,NA,22855,4935,3559,"Düngung niedrig, Ammonium-Sulfat mit Inhibitor"
"LTFE_Duernast",2021,10,"10",8,4477219.16,5362904.623,"GK",4,"BAR",6,4040,NA,13768,NA,22856,4936,3560,"Düngung hoch, Ammonium-Sulfat mit Inhibitor"
"LTFE_Duernast",2021,4,"4",9,4477215.976,5362875.403,"GK",1,"BAR",6,4041,NA,13769,NA,22857,4937,3561,"Düngung niedrig, Kalkammonsalpeter 1"
"LTFE_Duernast",2021,11,"11",10,4477215.305,5362879.388,"GK",1,"BAR",6,4042,NA,13770,NA,22858,4938,3562,"Düngung hoch, Kalkammonsalpeter 1"
"LTFE_Duernast",2021,5,"5",11,4477214.638,5362883.371,"GK",2,"BAR",6,4043,NA,13771,NA,22859,4939,3563,"Düngung niedrig, Kalkstickstoff"
"LTFE_Duernast",2021,12,"12",12,4477213.961,5362887.357,"GK",2,"BAR",6,4044,NA,13772,NA,22860,4940,3564,"Düngung hoch, Kalkstickstoff"
"LTFE_Duernast",2021,6,"6",13,4477213.284,5362891.333,"GK",3,"BAR",6,4045,NA,13773,NA,22861,4941,3565,"Düngung niedrig, Ammonium-Nitrat-Harnstoff-Lösung"
"LTFE_Duernast",2021,13,"13",14,4477212.627,5362895.322,"GK",3,"BAR",6,4046,NA,13774,NA,22862,4942,3566,"Düngung hoch, Ammonium-Nitrat-Harnstoff-Lösung"
"LTFE_Duernast",2021,7,"7",15,4477211.968,5362899.278,"GK",4,"BAR",6,4047,NA,13775,NA,22863,4943,3567,"Düngung niedrig, Kalkammonsalpeter 2"
"LTFE_Duernast",2021,14,"14",16,4477211.282,5362903.288,"GK",4,"BAR",6,4048,NA,13776,NA,22864,4944,3568,"Düngung hoch, Kalkammonsalpeter 2"
"LTFE_Duernast",2021,1,"1",17,4477208.074,5362874.079,"GK",1,"BAR",6,4049,NA,13777,NA,22865,4945,3569,"Düngung niedrig, Harnstoff"
"LTFE_Duernast",2021,8,"8",18,4477207.419,5362878.064,"GK",1,"BAR",6,4050,NA,13778,NA,22866,4946,3570,"Düngung hoch, Harnstoff"
"LTFE_Duernast",2021,2,"2",19,4477206.752,5362882.047,"GK",2,"BAR",6,4051,NA,13779,NA,22867,4947,3571,"Düngung niedrig, Ammoniumsulfatsalpeter"
"LTFE_Duernast",2021,9,"9",20,4477206.067,5362886.033,"GK",2,"BAR",6,4052,NA,13780,NA,22868,4948,3572,"Düngung hoch, Ammoniumsulfatsalpeter"
"LTFE_Duernast",2021,3,"3",21,4477205.414,5362890.009,"GK",3,"BAR",6,4053,NA,13781,NA,22869,4949,3573,"Düngung niedrig, Ammonium-Sulfat mit Inhibitor"
"LTFE_Duernast",2021,10,"10",22,4477204.757,5362893.998,"GK",3,"BAR",6,4054,NA,13782,NA,22870,4950,3574,"Düngung hoch, Ammonium-Sulfat mit Inhibitor"
"LTFE_Duernast",2021,15,"15",23,4477204.098,5362897.954,"GK",4,"BAR",6,4055,NA,13783,NA,22871,4951,3575,"Kontrolle, keine Düngung"
"LTFE_Duernast",2021,15,"15",24,4477203.412,5362901.964,"GK",4,"BAR",6,4056,NA,13784,NA,22872,4952,3576,"Kontrolle, keine Düngung"
"LTFE_Duernast",2021,5,"5",25,4477200.186,5362872.762,"GK",1,"BAR",6,4057,NA,13785,NA,22873,4953,3577,"Düngung niedrig, Kalkstickstoff"
"LTFE_Duernast",2021,12,"12",26,4477199.5,5362876.748,"GK",1,"BAR",6,4058,NA,13786,NA,22874,4954,3578,"Düngung hoch, Kalkstickstoff"
"LTFE_Duernast",2021,6,"6",27,4477198.856,5362880.722,"GK",2,"BAR",6,4059,NA,13787,NA,22875,4955,3579,"Düngung niedrig, Ammonium-Nitrat-Harnstoff-Lösung"
"LTFE_Duernast",2021,13,"13",28,4477198.171,5362884.708,"GK",2,"BAR",6,4060,NA,13788,NA,22876,4956,3580,"Düngung hoch, Ammonium-Nitrat-Harnstoff-Lösung"
"LTFE_Duernast",2021,7,"7",29,4477197.533,5362888.668,"GK",3,"BAR",6,4061,NA,13789,NA,22877,4957,3581,"Düngung niedrig, Kalkammonsalpeter 2"
"LTFE_Duernast",2021,14,"14",30,4477196.877,5362892.673,"GK",3,"BAR",6,4062,NA,13790,NA,22878,4958,3582,"Düngung hoch, Kalkammonsalpeter 2"
"LTFE_Duernast",2021,4,"4",31,4477196.218,5362896.629,"GK",4,"BAR",6,4063,NA,13791,NA,22879,4959,3583,"Düngung niedrig, Kalkammonsalpeter 1"
"LTFE_Duernast",2021,11,"11",32,4477195.532,5362900.639,"GK",4,"BAR",6,4064,NA,13792,NA,22880,4960,3584,"Düngung hoch, Kalkammonsalpeter 1"
"LTFE_Duernast",2021,2,"2",33,4477192.281,5362871.438,"GK",1,"BAR",6,4065,NA,13793,NA,22881,4961,3585,"Düngung niedrig, Ammoniumsulfatsalpeter"
"LTFE_Duernast",2021,9,"9",34,4477191.618,5362875.419,"GK",1,"BAR",6,4066,NA,13794,NA,22882,4962,3586,"Düngung hoch, Ammoniumsulfatsalpeter"
"LTFE_Duernast",2021,3,"3",35,4477190.967,5362879.399,"GK",2,"BAR",6,4067,NA,13795,NA,22883,4963,3587,"Düngung niedrig, Ammonium-Sulfat mit Inhibitor"
"LTFE_Duernast",2021,10,"10",36,4477190.282,5362883.377,"GK",2,"BAR",6,4068,NA,13796,NA,22884,4964,3588,"Düngung hoch, Ammonium-Sulfat mit Inhibitor"
"LTFE_Duernast",2021,15,"15",37,4477189.66,5362887.336,"GK",3,"BAR",6,4069,NA,13797,NA,22885,4965,3589,"Kontrolle, keine Düngung"
"LTFE_Duernast",2021,15,"15",38,4477189.004,5362891.341,"GK",3,"BAR",6,4070,NA,13798,NA,22886,4966,3590,"Kontrolle, keine Düngung"
"LTFE_Duernast",2021,1,"1",39,4477188.345,5362895.298,"GK",4,"BAR",6,4071,NA,13799,NA,22887,4967,3591,"Düngung niedrig, Harnstoff"
"LTFE_Duernast",2021,8,"8",40,4477187.659,5362899.308,"GK",4,"BAR",6,4072,NA,13800,NA,22888,4968,3592,"Düngung hoch, Harnstoff"
"LTFE_Duernast",2021,6,"6",41,4477184.388,5362870.112,"GK",1,"BAR",6,4073,NA,13801,NA,22889,4969,3593,"Düngung niedrig, Ammonium-Nitrat-Harnstoff-Lösung"
"LTFE_Duernast",2021,13,"13",42,4477183.734,5362874.104,"GK",1,"BAR",6,4074,NA,13802,NA,22890,4970,3594,"Düngung hoch, Ammonium-Nitrat-Harnstoff-Lösung"
"LTFE_Duernast",2021,7,"7",43,4477183.065,5362878.064,"GK",2,"BAR",6,4075,NA,13803,NA,22891,4971,3595,"Düngung niedrig, Kalkammonsalpeter 2"
"LTFE_Duernast",2021,14,"14",44,4477182.404,5362882.035,"GK",2,"BAR",6,4076,NA,13804,NA,22892,4972,3596,"Düngung hoch, Kalkammonsalpeter 2"
"LTFE_Duernast",2021,4,"4",45,4477181.791,5362886.018,"GK",3,"BAR",6,4077,NA,13805,NA,22893,4973,3597,"Düngung niedrig, Kalkammonsalpeter 1"
"LTFE_Duernast",2021,11,"11",46,4477181.134,5362890.023,"GK",3,"BAR",6,4078,NA,13806,NA,22894,4974,3598,"Düngung hoch, Kalkammonsalpeter 1"
"LTFE_Duernast",2021,5,"5",47,4477180.475,5362893.979,"GK",4,"BAR",6,4079,NA,13807,NA,22895,4975,3599,"Düngung niedrig, Kalkstickstoff"
"LTFE_Duernast",2021,12,"12",48,4477179.789,5362897.989,"GK",4,"BAR",6,4080,NA,13808,NA,22896,4976,3600,"Düngung hoch, Kalkstickstoff"
"LTFE_Duernast",2021,3,"3",49,4477176.548,5362868.781,"GK",1,"BAR",6,4081,NA,13809,NA,22897,4977,3601,"Düngung niedrig, Ammonium-Sulfat mit Inhibitor"
"LTFE_Duernast",2021,10,"10",50,4477175.879,5362872.762,"GK",1,"BAR",6,4082,NA,13810,NA,22898,4978,3602,"Düngung hoch, Ammonium-Sulfat mit Inhibitor"
"LTFE_Duernast",2021,15,"15",51,4477175.235,5362876.684,"GK",2,"BAR",6,4083,NA,13811,NA,22899,4979,3603,"Kontrolle, keine Düngung"
"LTFE_Duernast",2021,15,"15",52,4477174.548,5362880.712,"GK",2,"BAR",6,4084,NA,13812,NA,22900,4980,3604,"Kontrolle, keine Düngung"
"LTFE_Duernast",2021,1,"1",53,4477173.903,5362884.679,"GK",3,"BAR",6,4085,NA,13813,NA,22901,4981,3605,"Düngung niedrig, Harnstoff"
"LTFE_Duernast",2021,8,"8",54,4477173.247,5362888.684,"GK",3,"BAR",6,4086,NA,13814,NA,22902,4982,3606,"Düngung hoch, Harnstoff"
"LTFE_Duernast",2021,2,"2",55,4477172.587,5362892.641,"GK",4,"BAR",6,4087,NA,13815,NA,22903,4983,3607,"Düngung niedrig, Ammoniumsulfatsalpeter"
"LTFE_Duernast",2021,9,"9",56,4477171.901,5362896.651,"GK",4,"BAR",6,4088,NA,13816,NA,22904,4984,3608,"Düngung hoch, Ammoniumsulfatsalpeter"
"LTFE_Duernast",2021,7,"7",57,4477168.657,5362867.468,"GK",1,"BAR",6,4089,NA,13817,NA,22905,4985,3609,"Düngung niedrig, Kalkammonsalpeter 2"
"LTFE_Duernast",2021,14,"14",58,4477167.991,5362871.434,"GK",1,"BAR",6,4090,NA,13818,NA,22906,4986,3610,"Düngung hoch, Kalkammonsalpeter 2"
"LTFE_Duernast",2021,4,"4",59,4477167.318,5362875.394,"GK",2,"BAR",6,4091,NA,13819,NA,22907,4987,3611,"Düngung niedrig, Kalkammonsalpeter 1"
"LTFE_Duernast",2021,11,"11",60,4477166.665,5362879.372,"GK",2,"BAR",6,4092,NA,13820,NA,22908,4988,3612,"Düngung hoch, Kalkammonsalpeter 1"
"LTFE_Duernast",2021,5,"5",61,4477166.011,5362883.364,"GK",3,"BAR",6,4093,NA,13821,NA,22909,4989,3613,"Düngung niedrig, Kalkstickstoff"
"LTFE_Duernast",2021,12,"12",62,4477165.355,5362887.369,"GK",3,"BAR",6,4094,NA,13822,NA,22910,4990,3614,"Düngung hoch, Kalkstickstoff"
"LTFE_Duernast",2021,6,"6",63,4477164.695,5362891.325,"GK",4,"BAR",6,4095,NA,13823,NA,22911,4991,3615,"Düngung niedrig, Ammonium-Nitrat-Harnstoff-Lösung"
"LTFE_Duernast",2021,13,"13",64,4477164.01,5362895.335,"GK",4,"BAR",6,4096,NA,13824,NA,22912,5056,3616,"Düngung hoch, Ammonium-Nitrat-Harnstoff-Lösung"
"LTFE_Duernast",2022,15,"15",1,4477223.878,5362876.753,"GK",1,"MAZ",1,4097,NA,13953,NA,23041,5057,3617,"Kontrolle, keine Düngung"
"LTFE_Duernast",2022,15,"15",2,4477223.21,5362880.723,"GK",1,"MAZ",1,4098,NA,13954,NA,23042,5058,3618,"Kontrolle, keine Düngung"
"LTFE_Duernast",2022,1,"1",3,4477222.539,5362884.698,"GK",2,"MAZ",1,4099,NA,13955,NA,23043,5059,3619,"Düngung niedrig, Harnstoff"
"LTFE_Duernast",2022,8,"8",4,4477221.863,5362888.676,"GK",2,"MAZ",1,4100,NA,13956,NA,23044,5060,3620,"Düngung hoch, Harnstoff"
"LTFE_Duernast",2022,2,"2",5,4477221.183,5362892.666,"GK",3,"MAZ",1,4101,NA,13957,NA,23045,5061,3621,"Düngung niedrig, Ammoniumsulfatsalpeter"
"LTFE_Duernast",2022,9,"9",6,4477220.505,5362896.656,"GK",3,"MAZ",1,4102,NA,13958,NA,23046,5062,3622,"Düngung hoch, Ammoniumsulfatsalpeter"
"LTFE_Duernast",2022,3,"3",7,4477219.846,5362900.613,"GK",4,"MAZ",1,4103,NA,13959,NA,23047,5063,3623,"Düngung niedrig, Ammonium-Sulfat mit Inhibitor"
"LTFE_Duernast",2022,10,"10",8,4477219.16,5362904.623,"GK",4,"MAZ",1,4104,NA,13960,NA,23048,5064,3624,"Düngung hoch, Ammonium-Sulfat mit Inhibitor"
"LTFE_Duernast",2022,4,"4",9,4477215.976,5362875.403,"GK",1,"MAZ",1,4105,NA,13961,NA,23049,5065,3625,"Düngung niedrig, Kalkammonsalpeter 1"
"LTFE_Duernast",2022,11,"11",10,4477215.305,5362879.388,"GK",1,"MAZ",1,4106,NA,13962,NA,23050,5066,3626,"Düngung hoch, Kalkammonsalpeter 1"
"LTFE_Duernast",2022,5,"5",11,4477214.638,5362883.371,"GK",2,"MAZ",1,4107,NA,13963,NA,23051,5067,3627,"Düngung niedrig, Kalkstickstoff"
"LTFE_Duernast",2022,12,"12",12,4477213.961,5362887.357,"GK",2,"MAZ",1,4108,NA,13964,NA,23052,5068,3628,"Düngung hoch, Kalkstickstoff"
"LTFE_Duernast",2022,6,"6",13,4477213.284,5362891.333,"GK",3,"MAZ",1,4109,NA,13965,NA,23053,5069,3629,"Düngung niedrig, Ammonium-Nitrat-Harnstoff-Lösung"
"LTFE_Duernast",2022,13,"13",14,4477212.627,5362895.322,"GK",3,"MAZ",1,4110,NA,13966,NA,23054,5070,3630,"Düngung hoch, Ammonium-Nitrat-Harnstoff-Lösung"
"LTFE_Duernast",2022,7,"7",15,4477211.968,5362899.278,"GK",4,"MAZ",1,4111,NA,13967,NA,23055,5071,3631,"Düngung niedrig, Kalkammonsalpeter 2"
"LTFE_Duernast",2022,14,"14",16,4477211.282,5362903.288,"GK",4,"MAZ",1,4112,NA,13968,NA,23056,5072,3632,"Düngung hoch, Kalkammonsalpeter 2"
"LTFE_Duernast",2022,1,"1",17,4477208.074,5362874.079,"GK",1,"MAZ",1,4113,NA,13969,NA,23057,5073,3633,"Düngung niedrig, Harnstoff"
"LTFE_Duernast",2022,8,"8",18,4477207.419,5362878.064,"GK",1,"MAZ",1,4114,NA,13970,NA,23058,5074,3634,"Düngung hoch, Harnstoff"
"LTFE_Duernast",2022,2,"2",19,4477206.752,5362882.047,"GK",2,"MAZ",1,4115,NA,13971,NA,23059,5075,3635,"Düngung niedrig, Ammoniumsulfatsalpeter"
"LTFE_Duernast",2022,9,"9",20,4477206.067,5362886.033,"GK",2,"MAZ",1,4116,NA,13972,NA,23060,5076,3636,"Düngung hoch, Ammoniumsulfatsalpeter"
"LTFE_Duernast",2022,3,"3",21,4477205.414,5362890.009,"GK",3,"MAZ",1,4117,NA,13973,NA,23061,5077,3637,"Düngung niedrig, Ammonium-Sulfat mit Inhibitor"
"LTFE_Duernast",2022,10,"10",22,4477204.757,5362893.998,"GK",3,"MAZ",1,4118,NA,13974,NA,23062,5078,3638,"Düngung hoch, Ammonium-Sulfat mit Inhibitor"
"LTFE_Duernast",2022,15,"15",23,4477204.098,5362897.954,"GK",4,"MAZ",1,4119,NA,13975,NA,23063,5079,3639,"Kontrolle, keine Düngung"
"LTFE_Duernast",2022,15,"15",24,4477203.412,5362901.964,"GK",4,"MAZ",1,4120,NA,13976,NA,23064,5080,3640,"Kontrolle, keine Düngung"
"LTFE_Duernast",2022,5,"5",25,4477200.186,5362872.762,"GK",1,"MAZ",1,4121,NA,13977,NA,23065,5081,3641,"Düngung niedrig, Kalkstickstoff"
"LTFE_Duernast",2022,12,"12",26,4477199.5,5362876.748,"GK",1,"MAZ",1,4122,NA,13978,NA,23066,5082,3642,"Düngung hoch, Kalkstickstoff"
"LTFE_Duernast",2022,6,"6",27,4477198.856,5362880.722,"GK",2,"MAZ",1,4123,NA,13979,NA,23067,5083,3643,"Düngung niedrig, Ammonium-Nitrat-Harnstoff-Lösung"
"LTFE_Duernast",2022,13,"13",28,4477198.171,5362884.708,"GK",2,"MAZ",1,4124,NA,13980,NA,23068,5084,3644,"Düngung hoch, Ammonium-Nitrat-Harnstoff-Lösung"
"LTFE_Duernast",2022,7,"7",29,4477197.533,5362888.668,"GK",3,"MAZ",1,4125,NA,13981,NA,23069,5085,3645,"Düngung niedrig, Kalkammonsalpeter 2"
"LTFE_Duernast",2022,14,"14",30,4477196.877,5362892.673,"GK",3,"MAZ",1,4126,NA,13982,NA,23070,5086,3646,"Düngung hoch, Kalkammonsalpeter 2"
"LTFE_Duernast",2022,4,"4",31,4477196.218,5362896.629,"GK",4,"MAZ",1,4127,NA,13983,NA,23071,5087,3647,"Düngung niedrig, Kalkammonsalpeter 1"
"LTFE_Duernast",2022,11,"11",32,4477195.532,5362900.639,"GK",4,"MAZ",1,4128,NA,13984,NA,23072,5088,3648,"Düngung hoch, Kalkammonsalpeter 1"
"LTFE_Duernast",2022,2,"2",33,4477192.281,5362871.438,"GK",1,"MAZ",1,4129,NA,13985,NA,23073,5089,3649,"Düngung niedrig, Ammoniumsulfatsalpeter"
"LTFE_Duernast",2022,9,"9",34,4477191.618,5362875.419,"GK",1,"MAZ",1,4130,NA,13986,NA,23074,5090,3650,"Düngung hoch, Ammoniumsulfatsalpeter"
"LTFE_Duernast",2022,3,"3",35,4477190.967,5362879.399,"GK",2,"MAZ",1,4131,NA,13987,NA,23075,5091,3651,"Düngung niedrig, Ammonium-Sulfat mit Inhibitor"
"LTFE_Duernast",2022,10,"10",36,4477190.282,5362883.377,"GK",2,"MAZ",1,4132,NA,13988,NA,23076,5092,3652,"Düngung hoch, Ammonium-Sulfat mit Inhibitor"
"LTFE_Duernast",2022,15,"15",37,4477189.66,5362887.336,"GK",3,"MAZ",1,4133,NA,13989,NA,23077,5093,3653,"Kontrolle, keine Düngung"
"LTFE_Duernast",2022,15,"15",38,4477189.004,5362891.341,"GK",3,"MAZ",1,4134,NA,13990,NA,23078,5094,3654,"Kontrolle, keine Düngung"
"LTFE_Duernast",2022,1,"1",39,4477188.345,5362895.298,"GK",4,"MAZ",1,4135,NA,13991,NA,23079,5095,3655,"Düngung niedrig, Harnstoff"
"LTFE_Duernast",2022,8,"8",40,4477187.659,5362899.308,"GK",4,"MAZ",1,4136,NA,13992,NA,23080,5096,3656,"Düngung hoch, Harnstoff"
"LTFE_Duernast",2022,6,"6",41,4477184.388,5362870.112,"GK",1,"MAZ",1,4137,NA,13993,NA,23081,5097,3657,"Düngung niedrig, Ammonium-Nitrat-Harnstoff-Lösung"
"LTFE_Duernast",2022,13,"13",42,4477183.734,5362874.104,"GK",1,"MAZ",1,4138,NA,13994,NA,23082,5098,3658,"Düngung hoch, Ammonium-Nitrat-Harnstoff-Lösung"
"LTFE_Duernast",2022,7,"7",43,4477183.065,5362878.064,"GK",2,"MAZ",1,4139,NA,13995,NA,23083,5099,3659,"Düngung niedrig, Kalkammonsalpeter 2"
"LTFE_Duernast",2022,14,"14",44,4477182.404,5362882.035,"GK",2,"MAZ",1,4140,NA,13996,NA,23084,5100,3660,"Düngung hoch, Kalkammonsalpeter 2"
"LTFE_Duernast",2022,4,"4",45,4477181.791,5362886.018,"GK",3,"MAZ",1,4141,NA,13997,NA,23085,5101,3661,"Düngung niedrig, Kalkammonsalpeter 1"
"LTFE_Duernast",2022,11,"11",46,4477181.134,5362890.023,"GK",3,"MAZ",1,4142,NA,13998,NA,23086,5102,3662,"Düngung hoch, Kalkammonsalpeter 1"
"LTFE_Duernast",2022,5,"5",47,4477180.475,5362893.979,"GK",4,"MAZ",1,4143,NA,13999,NA,23087,5103,3663,"Düngung niedrig, Kalkstickstoff"
"LTFE_Duernast",2022,12,"12",48,4477179.789,5362897.989,"GK",4,"MAZ",1,4144,NA,14000,NA,23088,5104,3664,"Düngung hoch, Kalkstickstoff"
"LTFE_Duernast",2022,3,"3",49,4477176.548,5362868.781,"GK",1,"MAZ",1,4145,NA,14001,NA,23089,5105,3665,"Düngung niedrig, Ammonium-Sulfat mit Inhibitor"
"LTFE_Duernast",2022,10,"10",50,4477175.879,5362872.762,"GK",1,"MAZ",1,4146,NA,14002,NA,23090,5106,3666,"Düngung hoch, Ammonium-Sulfat mit Inhibitor"
"LTFE_Duernast",2022,15,"15",51,4477175.235,5362876.684,"GK",2,"MAZ",1,4147,NA,14003,NA,23091,5107,3667,"Kontrolle, keine Düngung"
"LTFE_Duernast",2022,15,"15",52,4477174.548,5362880.712,"GK",2,"MAZ",1,4148,NA,14004,NA,23092,5108,3668,"Kontrolle, keine Düngung"
"LTFE_Duernast",2022,1,"1",53,4477173.903,5362884.679,"GK",3,"MAZ",1,4149,NA,14005,NA,23093,5109,3669,"Düngung niedrig, Harnstoff"
"LTFE_Duernast",2022,8,"8",54,4477173.247,5362888.684,"GK",3,"MAZ",1,4150,NA,14006,NA,23094,5110,3670,"Düngung hoch, Harnstoff"
"LTFE_Duernast",2022,2,"2",55,4477172.587,5362892.641,"GK",4,"MAZ",1,4151,NA,14007,NA,23095,5111,3671,"Düngung niedrig, Ammoniumsulfatsalpeter"
"LTFE_Duernast",2022,9,"9",56,4477171.901,5362896.651,"GK",4,"MAZ",1,4152,NA,14008,NA,23096,5112,3672,"Düngung hoch, Ammoniumsulfatsalpeter"
"LTFE_Duernast",2022,7,"7",57,4477168.657,5362867.468,"GK",1,"MAZ",1,4153,NA,14009,NA,23097,5113,3673,"Düngung niedrig, Kalkammonsalpeter 2"
"LTFE_Duernast",2022,14,"14",58,4477167.991,5362871.434,"GK",1,"MAZ",1,4154,NA,14010,NA,23098,5114,3674,"Düngung hoch, Kalkammonsalpeter 2"
"LTFE_Duernast",2022,4,"4",59,4477167.318,5362875.394,"GK",2,"MAZ",1,4155,NA,14011,NA,23099,5115,3675,"Düngung niedrig, Kalkammonsalpeter 1"
"LTFE_Duernast",2022,11,"11",60,4477166.665,5362879.372,"GK",2,"MAZ",1,4156,NA,14012,NA,23100,5116,3676,"Düngung hoch, Kalkammonsalpeter 1"
"LTFE_Duernast",2022,5,"5",61,4477166.011,5362883.364,"GK",3,"MAZ",1,4157,NA,14013,NA,23101,5117,3677,"Düngung niedrig, Kalkstickstoff"
"LTFE_Duernast",2022,12,"12",62,4477165.355,5362887.369,"GK",3,"MAZ",1,4158,NA,14014,NA,23102,5118,3678,"Düngung hoch, Kalkstickstoff"
"LTFE_Duernast",2022,6,"6",63,4477164.695,5362891.325,"GK",4,"MAZ",1,4159,NA,14015,NA,23103,5119,3679,"Düngung niedrig, Ammonium-Nitrat-Harnstoff-Lösung"
"LTFE_Duernast",2022,13,"13",64,4477164.01,5362895.335,"GK",4,"MAZ",1,4160,NA,14016,NA,23104,5120,3680,"Düngung hoch, Ammonium-Nitrat-Harnstoff-Lösung"
